Workbook
Name JO: [1]Impuls!$G$2:$G$56
Name KontoPrzychody: [1]Impuls!$AW$2:$AW$329
Name PKK: [1]Impuls!$K$2:$K$89
Name test: Raport!#REF!
Name test: Raport!#REF!
Name Zlecenie: [1]Impuls!$Q$2:$Q$278

Sheet Raport
M1: VER MAY 2026 | O1: 3 | P1: 4 | Q1: 5 | R1: 6 | S1: 7 | T1: 8 | U1: 9
E2: typ umowy: | G2: miesiąc:
E3: imię i nazwisko: | G3: rok: | I3: stawka za godzinę:
O4: NOWA DEKRETACJA
B5: Miesiąc | C5: Imię i Nazwisko | D5: Funkcja | E5: Data zakończenia | F5: Tytuł programu | G5: Opis | H5: Czynność | I5: Kwota | J5: Liczba godzin | L5: Sumy Pośrednie | M5: STARA Dekretacja | N5: Kod | O5: Właściciel budżetu | P5: Linia produktowa | Q5: Kategoria | R5: Podkategoria | S5: CC code | T5: CC name | U5: Artykuł
E6: DD-MM-RRRR | F6: - | G6: - | H6: - | I6: =SUM(I7:I63) -> 0 | J6: =SUM(J7:J63) -> 0 | L6: =SUM(L7:L104) -> 0 | M6: -
B7: =IF(F7="","",$M$2) | C7: =IF(F7="","",$F$3) | D7: =IF(F7="","",$M$3) | I7: =$J7*$J$3 -> 0 | L7: =IF(F7="","",IF(ISERROR(VLOOKUP(F7,F8:$F$500,1,0)),SUMIF(F:F,F7,I:I),"")) | M7: =IFERROR(VLOOKUP(F7,słownik!A:I,9,0),"") | N7: =IFERROR(VLOOKUP(M7,słownik!I:J,2,FALSE),"-") -> - | O7: =IFERROR(VLOOKUP($N7,słownik!$J$4:$AD$165,O$1,FALSE),"-") -> - | P7: =IFERROR(VLOOKUP($N7,słownik!$J$4:$AD$165,P$1,FALSE),"-") -> - | Q7: =IFERROR(VLOOKUP($N7,słownik!$J$4:$AD$165,Q$1,FALSE),"-") -> - | R7: =IFERROR(VLOOKUP($N7,słownik!$J$4:$AD$165,R$1,FALSE),"-") -> - | S7: =IFERROR(VLOOKUP($N7,słownik!$J$4:$AD$165,S$1,FALSE),"-") -> - | T7: =IFERROR(VLOOKUP($N7,słownik!$J$4:$AD$165,T$1,FALSE),"-") -> - | U7: =IFERROR(VLOOKUP($N7,słownik!$J$4:$AD$165,U$1,FALSE),"-") -> -
B8: =IF(F8="","",$M$2) | C8: =IF(F8="","",$F$3) | D8: =IF(F8="","",$M$3) | I8: =$J8*$J$3 -> 0 | L8: =IF(F8="","",IF(ISERROR(VLOOKUP(F8,F9:$F$500,1,0)),SUMIF(F:F,F8,I:I),"")) | M8: =IFERROR(VLOOKUP(F8,słownik!A:I,9,0),"") | N8: =IFERROR(VLOOKUP(M8,słownik!I:J,2,FALSE),"-") -> - | O8: =IFERROR(VLOOKUP($N8,słownik!$J$4:$AD$165,O$1,FALSE),"-") -> - | P8: =IFERROR(VLOOKUP($N8,słownik!$J$4:$AD$165,P$1,FALSE),"-") -> - | Q8: =IFERROR(VLOOKUP($N8,słownik!$J$4:$AD$165,Q$1,FALSE),"-") -> - | R8: =IFERROR(VLOOKUP($N8,słownik!$J$4:$AD$165,R$1,FALSE),"-") -> - | S8: =IFERROR(VLOOKUP($N8,słownik!$J$4:$AD$165,S$1,FALSE),"-") -> - | T8: =IFERROR(VLOOKUP($N8,słownik!$J$4:$AD$165,T$1,FALSE),"-") -> - | U8: =IFERROR(VLOOKUP($N8,słownik!$J$4:$AD$165,U$1,FALSE),"-") -> -
B9: =IF(F9="","",$M$2) | C9: =IF(F9="","",$F$3) | D9: =IF(F9="","",$M$3) | I9: =$J9*$J$3 -> 0 | L9: =IF(F9="","",IF(ISERROR(VLOOKUP(F9,F10:$F$500,1,0)),SUMIF(F:F,F9,I:I),"")) | M9: =IFERROR(VLOOKUP(F9,słownik!A:I,9,0),"") | N9: =IFERROR(VLOOKUP(M9,słownik!I:J,2,FALSE),"-") -> - | O9: =IFERROR(VLOOKUP($N9,słownik!$J$4:$AD$165,O$1,FALSE),"-") -> - | P9: =IFERROR(VLOOKUP($N9,słownik!$J$4:$AD$165,P$1,FALSE),"-") -> - | Q9: =IFERROR(VLOOKUP($N9,słownik!$J$4:$AD$165,Q$1,FALSE),"-") -> - | R9: =IFERROR(VLOOKUP($N9,słownik!$J$4:$AD$165,R$1,FALSE),"-") -> - | S9: =IFERROR(VLOOKUP($N9,słownik!$J$4:$AD$165,S$1,FALSE),"-") -> - | T9: =IFERROR(VLOOKUP($N9,słownik!$J$4:$AD$165,T$1,FALSE),"-") -> - | U9: =IFERROR(VLOOKUP($N9,słownik!$J$4:$AD$165,U$1,FALSE),"-") -> -
B10: =IF(F10="","",$M$2) | C10: =IF(F10="","",$F$3) | D10: =IF(F10="","",$M$3) | I10: =$J10*$J$3 -> 0 | L10: =IF(F10="","",IF(ISERROR(VLOOKUP(F10,F11:$F$500,1,0)),SUMIF(F:F,F10,I:I),"")) | M10: =IFERROR(VLOOKUP(F10,słownik!A:I,9,0),"") | N10: =IFERROR(VLOOKUP(M10,słownik!I:J,2,FALSE),"-") -> - | O10: =IFERROR(VLOOKUP($N10,słownik!$J$4:$AD$165,O$1,FALSE),"-") -> - | P10: =IFERROR(VLOOKUP($N10,słownik!$J$4:$AD$165,P$1,FALSE),"-") -> - | Q10: =IFERROR(VLOOKUP($N10,słownik!$J$4:$AD$165,Q$1,FALSE),"-") -> - | R10: =IFERROR(VLOOKUP($N10,słownik!$J$4:$AD$165,R$1,FALSE),"-") -> - | S10: =IFERROR(VLOOKUP($N10,słownik!$J$4:$AD$165,S$1,FALSE),"-") -> - | T10: =IFERROR(VLOOKUP($N10,słownik!$J$4:$AD$165,T$1,FALSE),"-") -> - | U10: =IFERROR(VLOOKUP($N10,słownik!$J$4:$AD$165,U$1,FALSE),"-") -> -
B11: =IF(F11="","",$M$2) | C11: =IF(F11="","",$F$3) | D11: =IF(F11="","",$M$3) | I11: =$J11*$J$3 -> 0 | L11: =IF(F11="","",IF(ISERROR(VLOOKUP(F11,F12:$F$500,1,0)),SUMIF(F:F,F11,I:I),"")) | M11: =IFERROR(VLOOKUP(F11,słownik!A:I,9,0),"") | N11: =IFERROR(VLOOKUP(M11,słownik!I:J,2,FALSE),"-") -> - | O11: =IFERROR(VLOOKUP($N11,słownik!$J$4:$AD$165,O$1,FALSE),"-") -> - | P11: =IFERROR(VLOOKUP($N11,słownik!$J$4:$AD$165,P$1,FALSE),"-") -> - | Q11: =IFERROR(VLOOKUP($N11,słownik!$J$4:$AD$165,Q$1,FALSE),"-") -> - | R11: =IFERROR(VLOOKUP($N11,słownik!$J$4:$AD$165,R$1,FALSE),"-") -> - | S11: =IFERROR(VLOOKUP($N11,słownik!$J$4:$AD$165,S$1,FALSE),"-") -> - | T11: =IFERROR(VLOOKUP($N11,słownik!$J$4:$AD$165,T$1,FALSE),"-") -> - | U11: =IFERROR(VLOOKUP($N11,słownik!$J$4:$AD$165,U$1,FALSE),"-") -> -
B12: =IF(F12="","",$M$2) | C12: =IF(F12="","",$F$3) | D12: =IF(F12="","",$M$3) | I12: =$J12*$J$3 -> 0 | L12: =IF(F12="","",IF(ISERROR(VLOOKUP(F12,F13:$F$500,1,0)),SUMIF(F:F,F12,I:I),"")) | M12: =IFERROR(VLOOKUP(F12,słownik!A:I,9,0),"") | N12: =IFERROR(VLOOKUP(M12,słownik!I:J,2,FALSE),"-") -> - | O12: =IFERROR(VLOOKUP($N12,słownik!$J$4:$AD$165,O$1,FALSE),"-") -> - | P12: =IFERROR(VLOOKUP($N12,słownik!$J$4:$AD$165,P$1,FALSE),"-") -> - | Q12: =IFERROR(VLOOKUP($N12,słownik!$J$4:$AD$165,Q$1,FALSE),"-") -> - | R12: =IFERROR(VLOOKUP($N12,słownik!$J$4:$AD$165,R$1,FALSE),"-") -> - | S12: =IFERROR(VLOOKUP($N12,słownik!$J$4:$AD$165,S$1,FALSE),"-") -> - | T12: =IFERROR(VLOOKUP($N12,słownik!$J$4:$AD$165,T$1,FALSE),"-") -> - | U12: =IFERROR(VLOOKUP($N12,słownik!$J$4:$AD$165,U$1,FALSE),"-") -> -
B13: =IF(F13="","",$M$2) | C13: =IF(F13="","",$F$3) | D13: =IF(F13="","",$M$3) | I13: =$J13*$J$3 -> 0 | L13: =IF(F13="","",IF(ISERROR(VLOOKUP(F13,F14:$F$500,1,0)),SUMIF(F:F,F13,I:I),"")) | M13: =IFERROR(VLOOKUP(F13,słownik!A:I,9,0),"") | N13: =IFERROR(VLOOKUP(M13,słownik!I:J,2,FALSE),"-") -> - | O13: =IFERROR(VLOOKUP($N13,słownik!$J$4:$AD$165,O$1,FALSE),"-") -> - | P13: =IFERROR(VLOOKUP($N13,słownik!$J$4:$AD$165,P$1,FALSE),"-") -> - | Q13: =IFERROR(VLOOKUP($N13,słownik!$J$4:$AD$165,Q$1,FALSE),"-") -> - | R13: =IFERROR(VLOOKUP($N13,słownik!$J$4:$AD$165,R$1,FALSE),"-") -> - | S13: =IFERROR(VLOOKUP($N13,słownik!$J$4:$AD$165,S$1,FALSE),"-") -> - | T13: =IFERROR(VLOOKUP($N13,słownik!$J$4:$AD$165,T$1,FALSE),"-") -> - | U13: =IFERROR(VLOOKUP($N13,słownik!$J$4:$AD$165,U$1,FALSE),"-") -> -
B14: =IF(F14="","",$M$2) | C14: =IF(F14="","",$F$3) | D14: =IF(F14="","",$M$3) | I14: =$J14*$J$3 -> 0 | L14: =IF(F14="","",IF(ISERROR(VLOOKUP(F14,F15:$F$500,1,0)),SUMIF(F:F,F14,I:I),"")) | M14: =IFERROR(VLOOKUP(F14,słownik!A:I,9,0),"") | N14: =IFERROR(VLOOKUP(M14,słownik!I:J,2,FALSE),"-") -> - | O14: =IFERROR(VLOOKUP($N14,słownik!$J$4:$AD$165,O$1,FALSE),"-") -> - | P14: =IFERROR(VLOOKUP($N14,słownik!$J$4:$AD$165,P$1,FALSE),"-") -> - | Q14: =IFERROR(VLOOKUP($N14,słownik!$J$4:$AD$165,Q$1,FALSE),"-") -> - | R14: =IFERROR(VLOOKUP($N14,słownik!$J$4:$AD$165,R$1,FALSE),"-") -> - | S14: =IFERROR(VLOOKUP($N14,słownik!$J$4:$AD$165,S$1,FALSE),"-") -> - | T14: =IFERROR(VLOOKUP($N14,słownik!$J$4:$AD$165,T$1,FALSE),"-") -> - | U14: =IFERROR(VLOOKUP($N14,słownik!$J$4:$AD$165,U$1,FALSE),"-") -> -
B15: =IF(F15="","",$M$2) | C15: =IF(F15="","",$F$3) | D15: =IF(F15="","",$M$3) | I15: =$J15*$J$3 -> 0 | L15: =IF(F15="","",IF(ISERROR(VLOOKUP(F15,F16:$F$500,1,0)),SUMIF(F:F,F15,I:I),"")) | M15: =IFERROR(VLOOKUP(F15,słownik!A:I,9,0),"") | N15: =IFERROR(VLOOKUP(M15,słownik!I:J,2,FALSE),"-") -> - | O15: =IFERROR(VLOOKUP($N15,słownik!$J$4:$AD$165,O$1,FALSE),"-") -> - | P15: =IFERROR(VLOOKUP($N15,słownik!$J$4:$AD$165,P$1,FALSE),"-") -> - | Q15: =IFERROR(VLOOKUP($N15,słownik!$J$4:$AD$165,Q$1,FALSE),"-") -> - | R15: =IFERROR(VLOOKUP($N15,słownik!$J$4:$AD$165,R$1,FALSE),"-") -> - | S15: =IFERROR(VLOOKUP($N15,słownik!$J$4:$AD$165,S$1,FALSE),"-") -> - | T15: =IFERROR(VLOOKUP($N15,słownik!$J$4:$AD$165,T$1,FALSE),"-") -> - | U15: =IFERROR(VLOOKUP($N15,słownik!$J$4:$AD$165,U$1,FALSE),"-") -> -
B16: =IF(F16="","",$M$2) | C16: =IF(F16="","",$F$3) | D16: =IF(F16="","",$M$3) | I16: =$J16*$J$3 -> 0 | L16: =IF(F16="","",IF(ISERROR(VLOOKUP(F16,F17:$F$500,1,0)),SUMIF(F:F,F16,I:I),"")) | M16: =IFERROR(VLOOKUP(F16,słownik!A:I,9,0),"") | N16: =IFERROR(VLOOKUP(M16,słownik!I:J,2,FALSE),"-") -> - | O16: =IFERROR(VLOOKUP($N16,słownik!$J$4:$AD$165,O$1,FALSE),"-") -> - | P16: =IFERROR(VLOOKUP($N16,słownik!$J$4:$AD$165,P$1,FALSE),"-") -> - | Q16: =IFERROR(VLOOKUP($N16,słownik!$J$4:$AD$165,Q$1,FALSE),"-") -> - | R16: =IFERROR(VLOOKUP($N16,słownik!$J$4:$AD$165,R$1,FALSE),"-") -> - | S16: =IFERROR(VLOOKUP($N16,słownik!$J$4:$AD$165,S$1,FALSE),"-") -> - | T16: =IFERROR(VLOOKUP($N16,słownik!$J$4:$AD$165,T$1,FALSE),"-") -> - | U16: =IFERROR(VLOOKUP($N16,słownik!$J$4:$AD$165,U$1,FALSE),"-") -> -
B17: =IF(F17="","",$M$2) | C17: =IF(F17="","",$F$3) | D17: =IF(F17="","",$M$3) | I17: =$J17*$J$3 -> 0 | L17: =IF(F17="","",IF(ISERROR(VLOOKUP(F17,F18:$F$500,1,0)),SUMIF(F:F,F17,I:I),"")) | M17: =IFERROR(VLOOKUP(F17,słownik!A:I,9,0),"") | N17: =IFERROR(VLOOKUP(M17,słownik!I:J,2,FALSE),"-") -> - | O17: =IFERROR(VLOOKUP($N17,słownik!$J$4:$AD$165,O$1,FALSE),"-") -> - | P17: =IFERROR(VLOOKUP($N17,słownik!$J$4:$AD$165,P$1,FALSE),"-") -> - | Q17: =IFERROR(VLOOKUP($N17,słownik!$J$4:$AD$165,Q$1,FALSE),"-") -> - | R17: =IFERROR(VLOOKUP($N17,słownik!$J$4:$AD$165,R$1,FALSE),"-") -> - | S17: =IFERROR(VLOOKUP($N17,słownik!$J$4:$AD$165,S$1,FALSE),"-") -> - | T17: =IFERROR(VLOOKUP($N17,słownik!$J$4:$AD$165,T$1,FALSE),"-") -> - | U17: =IFERROR(VLOOKUP($N17,słownik!$J$4:$AD$165,U$1,FALSE),"-") -> -
B18: =IF(F18="","",$M$2) | C18: =IF(F18="","",$F$3) | D18: =IF(F18="","",$M$3) | I18: =$J18*$J$3 -> 0 | L18: =IF(F18="","",IF(ISERROR(VLOOKUP(F18,F19:$F$500,1,0)),SUMIF(F:F,F18,I:I),"")) | M18: =IFERROR(VLOOKUP(F18,słownik!A:I,9,0),"") | N18: =IFERROR(VLOOKUP(M18,słownik!I:J,2,FALSE),"-") -> - | O18: =IFERROR(VLOOKUP($N18,słownik!$J$4:$AD$165,O$1,FALSE),"-") -> - | P18: =IFERROR(VLOOKUP($N18,słownik!$J$4:$AD$165,P$1,FALSE),"-") -> - | Q18: =IFERROR(VLOOKUP($N18,słownik!$J$4:$AD$165,Q$1,FALSE),"-") -> - | R18: =IFERROR(VLOOKUP($N18,słownik!$J$4:$AD$165,R$1,FALSE),"-") -> - | S18: =IFERROR(VLOOKUP($N18,słownik!$J$4:$AD$165,S$1,FALSE),"-") -> - | T18: =IFERROR(VLOOKUP($N18,słownik!$J$4:$AD$165,T$1,FALSE),"-") -> - | U18: =IFERROR(VLOOKUP($N18,słownik!$J$4:$AD$165,U$1,FALSE),"-") -> -
... B86: =IF(F86="","",$M$2) | C86: =IF(F86="","",$F$3) | D86: =IF(F86="","",$M$3) | I86: =$J86*$J$3 -> 0 | L86: =IF(F86="","",IF(ISERROR(VLOOKUP(F86,F87:$F$500,1,0)),SUMIF(F:F,F86,I:I),"")) | M86: =IFERROR(VLOOKUP(F86,słownik!A:I,9,0),"") | N86: =IFERROR(VLOOKUP(M86,słownik!I:J,2,FALSE),"-") -> - | O86: =IFERROR(VLOOKUP($N86,słownik!$J$4:$AD$165,O$1,FALSE),"-") -> - | P86: =IFERROR(VLOOKUP($N86,słownik!$J$4:$AD$165,P$1,FALSE),"-") -> - | Q86: =IFERROR(VLOOKUP($N86,słownik!$J$4:$AD$165,Q$1,FALSE),"-") -> - | R86: =IFERROR(VLOOKUP($N86,słownik!$J$4:$AD$165,R$1,FALSE),"-") -> - | S86: =IFERROR(VLOOKUP($N86,słownik!$J$4:$AD$165,S$1,FALSE),"-") -> - | T86: =IFERROR(VLOOKUP($N86,słownik!$J$4:$AD$165,T$1,FALSE),"-") -> - | U86: =IFERROR(VLOOKUP($N86,słownik!$J$4:$AD$165,U$1,FALSE),"-") -> -
B87: =IF(F87="","",$M$2) | C87: =IF(F87="","",$F$3) | D87: =IF(F87="","",$M$3) | L87: =IF(F87="","",IF(ISERROR(VLOOKUP(F87,F88:$F$500,1,0)),SUMIF(F:F,F87,I:I),"")) | M87: =IFERROR(VLOOKUP(F87,słownik!A:I,9,0),"") | N87: =IFERROR(VLOOKUP(M87,słownik!I:J,2,FALSE),"-") -> - | O87: =IFERROR(VLOOKUP($N87,słownik!$J$4:$AD$165,O$1,FALSE),"-") -> - | P87: =IFERROR(VLOOKUP($N87,słownik!$J$4:$AD$165,P$1,FALSE),"-") -> - | Q87: =IFERROR(VLOOKUP($N87,słownik!$J$4:$AD$165,Q$1,FALSE),"-") -> - | R87: =IFERROR(VLOOKUP($N87,słownik!$J$4:$AD$165,R$1,FALSE),"-") -> - | S87: =IFERROR(VLOOKUP($N87,słownik!$J$4:$AD$165,S$1,FALSE),"-") -> - | T87: =IFERROR(VLOOKUP($N87,słownik!$J$4:$AD$165,T$1,FALSE),"-") -> - | U87: =IFERROR(VLOOKUP($N87,słownik!$J$4:$AD$165,U$1,FALSE),"-") -> -
B88: =IF(F88="","",$M$2) | C88: =IF(F88="","",$F$3) | D88: =IF(F88="","",$M$3) | L88: =IF(F88="","",IF(ISERROR(VLOOKUP(F88,F89:$F$500,1,0)),SUMIF(F:F,F88,I:I),"")) | M88: =IFERROR(VLOOKUP(F88,słownik!A:I,9,0),"") | N88: =IFERROR(VLOOKUP(M88,słownik!I:J,2,FALSE),"-") -> - | O88: =IFERROR(VLOOKUP($N88,słownik!$J$4:$AD$165,O$1,FALSE),"-") -> - | P88: =IFERROR(VLOOKUP($N88,słownik!$J$4:$AD$165,P$1,FALSE),"-") -> - | Q88: =IFERROR(VLOOKUP($N88,słownik!$J$4:$AD$165,Q$1,FALSE),"-") -> - | R88: =IFERROR(VLOOKUP($N88,słownik!$J$4:$AD$165,R$1,FALSE),"-") -> - | S88: =IFERROR(VLOOKUP($N88,słownik!$J$4:$AD$165,S$1,FALSE),"-") -> - | T88: =IFERROR(VLOOKUP($N88,słownik!$J$4:$AD$165,T$1,FALSE),"-") -> - | U88: =IFERROR(VLOOKUP($N88,słownik!$J$4:$AD$165,U$1,FALSE),"-") -> -
B89: =IF(F89="","",$M$2) | C89: =IF(F89="","",$F$3) | D89: =IF(F89="","",$M$3) | L89: =IF(F89="","",IF(ISERROR(VLOOKUP(F89,F90:$F$500,1,0)),SUMIF(F:F,F89,I:I),"")) | M89: =IFERROR(VLOOKUP(F89,słownik!A:I,9,0),"") | N89: =IFERROR(VLOOKUP(M89,słownik!I:J,2,FALSE),"-") -> - | O89: =IFERROR(VLOOKUP($N89,słownik!$J$4:$AD$165,O$1,FALSE),"-") -> - | P89: =IFERROR(VLOOKUP($N89,słownik!$J$4:$AD$165,P$1,FALSE),"-") -> - | Q89: =IFERROR(VLOOKUP($N89,słownik!$J$4:$AD$165,Q$1,FALSE),"-") -> - | R89: =IFERROR(VLOOKUP($N89,słownik!$J$4:$AD$165,R$1,FALSE),"-") -> - | S89: =IFERROR(VLOOKUP($N89,słownik!$J$4:$AD$165,S$1,FALSE),"-") -> - | T89: =IFERROR(VLOOKUP($N89,słownik!$J$4:$AD$165,T$1,FALSE),"-") -> - | U89: =IFERROR(VLOOKUP($N89,słownik!$J$4:$AD$165,U$1,FALSE),"-") -> -
B90: =IF(F90="","",$M$2) | C90: =IF(F90="","",$F$3) | D90: =IF(F90="","",$M$3) | L90: =IF(F90="","",IF(ISERROR(VLOOKUP(F90,F91:$F$500,1,0)),SUMIF(F:F,F90,I:I),"")) | M90: =IFERROR(VLOOKUP(F90,słownik!A:I,9,0),"") | N90: =IFERROR(VLOOKUP(M90,słownik!I:J,2,FALSE),"-") -> - | O90: =IFERROR(VLOOKUP($N90,słownik!$J$4:$AD$165,O$1,FALSE),"-") -> - | P90: =IFERROR(VLOOKUP($N90,słownik!$J$4:$AD$165,P$1,FALSE),"-") -> - | Q90: =IFERROR(VLOOKUP($N90,słownik!$J$4:$AD$165,Q$1,FALSE),"-") -> - | R90: =IFERROR(VLOOKUP($N90,słownik!$J$4:$AD$165,R$1,FALSE),"-") -> - | S90: =IFERROR(VLOOKUP($N90,słownik!$J$4:$AD$165,S$1,FALSE),"-") -> - | T90: =IFERROR(VLOOKUP($N90,słownik!$J$4:$AD$165,T$1,FALSE),"-") -> - | U90: =IFERROR(VLOOKUP($N90,słownik!$J$4:$AD$165,U$1,FALSE),"-") -> -
B91: =IF(F91="","",$M$2) | C91: =IF(F91="","",$F$3) | D91: =IF(F91="","",$M$3) | L91: =IF(F91="","",IF(ISERROR(VLOOKUP(F91,F92:$F$500,1,0)),SUMIF(F:F,F91,I:I),"")) | M91: =IFERROR(VLOOKUP(F91,słownik!A:I,9,0),"") | N91: =IFERROR(VLOOKUP(M91,słownik!I:J,2,FALSE),"-") -> - | O91: =IFERROR(VLOOKUP($N91,słownik!$J$4:$AD$165,O$1,FALSE),"-") -> - | P91: =IFERROR(VLOOKUP($N91,słownik!$J$4:$AD$165,P$1,FALSE),"-") -> - | Q91: =IFERROR(VLOOKUP($N91,słownik!$J$4:$AD$165,Q$1,FALSE),"-") -> - | R91: =IFERROR(VLOOKUP($N91,słownik!$J$4:$AD$165,R$1,FALSE),"-") -> - | S91: =IFERROR(VLOOKUP($N91,słownik!$J$4:$AD$165,S$1,FALSE),"-") -> - | T91: =IFERROR(VLOOKUP($N91,słownik!$J$4:$AD$165,T$1,FALSE),"-") -> - | U91: =IFERROR(VLOOKUP($N91,słownik!$J$4:$AD$165,U$1,FALSE),"-") -> -
B92: =IF(F92="","",$M$2) | C92: =IF(F92="","",$F$3) | D92: =IF(F92="","",$M$3) | L92: =IF(F92="","",IF(ISERROR(VLOOKUP(F92,F93:$F$500,1,0)),SUMIF(F:F,F92,I:I),"")) | M92: =IFERROR(VLOOKUP(F92,słownik!A:I,9,0),"") | N92: =IFERROR(VLOOKUP(M92,słownik!I:J,2,FALSE),"-") -> - | O92: =IFERROR(VLOOKUP($N92,słownik!$J$4:$AD$165,O$1,FALSE),"-") -> - | P92: =IFERROR(VLOOKUP($N92,słownik!$J$4:$AD$165,P$1,FALSE),"-") -> - | Q92: =IFERROR(VLOOKUP($N92,słownik!$J$4:$AD$165,Q$1,FALSE),"-") -> - | R92: =IFERROR(VLOOKUP($N92,słownik!$J$4:$AD$165,R$1,FALSE),"-") -> - | S92: =IFERROR(VLOOKUP($N92,słownik!$J$4:$AD$165,S$1,FALSE),"-") -> - | T92: =IFERROR(VLOOKUP($N92,słownik!$J$4:$AD$165,T$1,FALSE),"-") -> - | U92: =IFERROR(VLOOKUP($N92,słownik!$J$4:$AD$165,U$1,FALSE),"-") -> -
B93: =IF(F93="","",$M$2) | C93: =IF(F93="","",$F$3) | D93: =IF(F93="","",$M$3) | L93: =IF(F93="","",IF(ISERROR(VLOOKUP(F93,F94:$F$500,1,0)),SUMIF(F:F,F93,I:I),"")) | M93: =IFERROR(VLOOKUP(F93,słownik!A:I,9,0),"") | N93: =IFERROR(VLOOKUP(M93,słownik!I:J,2,FALSE),"-") -> - | O93: =IFERROR(VLOOKUP($N93,słownik!$J$4:$AD$165,O$1,FALSE),"-") -> - | P93: =IFERROR(VLOOKUP($N93,słownik!$J$4:$AD$165,P$1,FALSE),"-") -> - | Q93: =IFERROR(VLOOKUP($N93,słownik!$J$4:$AD$165,Q$1,FALSE),"-") -> - | R93: =IFERROR(VLOOKUP($N93,słownik!$J$4:$AD$165,R$1,FALSE),"-") -> - | S93: =IFERROR(VLOOKUP($N93,słownik!$J$4:$AD$165,S$1,FALSE),"-") -> - | T93: =IFERROR(VLOOKUP($N93,słownik!$J$4:$AD$165,T$1,FALSE),"-") -> - | U93: =IFERROR(VLOOKUP($N93,słownik!$J$4:$AD$165,U$1,FALSE),"-") -> -
B94: =IF(F94="","",$M$2) | C94: =IF(F94="","",$F$3) | D94: =IF(F94="","",$M$3) | L94: =IF(F94="","",IF(ISERROR(VLOOKUP(F94,F95:$F$500,1,0)),SUMIF(F:F,F94,I:I),"")) | M94: =IFERROR(VLOOKUP(F94,słownik!A:I,9,0),"") | N94: =IFERROR(VLOOKUP(M94,słownik!I:J,2,FALSE),"-") -> - | O94: =IFERROR(VLOOKUP($N94,słownik!$J$4:$AD$165,O$1,FALSE),"-") -> - | P94: =IFERROR(VLOOKUP($N94,słownik!$J$4:$AD$165,P$1,FALSE),"-") -> - | Q94: =IFERROR(VLOOKUP($N94,słownik!$J$4:$AD$165,Q$1,FALSE),"-") -> - | R94: =IFERROR(VLOOKUP($N94,słownik!$J$4:$AD$165,R$1,FALSE),"-") -> - | S94: =IFERROR(VLOOKUP($N94,słownik!$J$4:$AD$165,S$1,FALSE),"-") -> - | T94: =IFERROR(VLOOKUP($N94,słownik!$J$4:$AD$165,T$1,FALSE),"-") -> - | U94: =IFERROR(VLOOKUP($N94,słownik!$J$4:$AD$165,U$1,FALSE),"-") -> -
B95: =IF(F95="","",$M$2) | C95: =IF(F95="","",$F$3) | D95: =IF(F95="","",$M$3) | L95: =IF(F95="","",IF(ISERROR(VLOOKUP(F95,F96:$F$500,1,0)),SUMIF(F:F,F95,I:I),"")) | M95: =IFERROR(VLOOKUP(F95,słownik!A:I,9,0),"") | N95: =IFERROR(VLOOKUP(M95,słownik!I:J,2,FALSE),"-") -> - | O95: =IFERROR(VLOOKUP($N95,słownik!$J$4:$AD$165,O$1,FALSE),"-") -> - | P95: =IFERROR(VLOOKUP($N95,słownik!$J$4:$AD$165,P$1,FALSE),"-") -> - | Q95: =IFERROR(VLOOKUP($N95,słownik!$J$4:$AD$165,Q$1,FALSE),"-") -> - | R95: =IFERROR(VLOOKUP($N95,słownik!$J$4:$AD$165,R$1,FALSE),"-") -> - | S95: =IFERROR(VLOOKUP($N95,słownik!$J$4:$AD$165,S$1,FALSE),"-") -> - | T95: =IFERROR(VLOOKUP($N95,słownik!$J$4:$AD$165,T$1,FALSE),"-") -> - | U95: =IFERROR(VLOOKUP($N95,słownik!$J$4:$AD$165,U$1,FALSE),"-") -> -
B96: =IF(F96="","",$M$2) | C96: =IF(F96="","",$F$3) | D96: =IF(F96="","",$M$3) | L96: =IF(F96="","",IF(ISERROR(VLOOKUP(F96,F97:$F$500,1,0)),SUMIF(F:F,F96,I:I),"")) | M96: =IFERROR(VLOOKUP(F96,słownik!A:I,9,0),"") | N96: =IFERROR(VLOOKUP(M96,słownik!I:J,2,FALSE),"-") -> - | O96: =IFERROR(VLOOKUP($N96,słownik!$J$4:$AD$165,O$1,FALSE),"-") -> - | P96: =IFERROR(VLOOKUP($N96,słownik!$J$4:$AD$165,P$1,FALSE),"-") -> - | Q96: =IFERROR(VLOOKUP($N96,słownik!$J$4:$AD$165,Q$1,FALSE),"-") -> - | R96: =IFERROR(VLOOKUP($N96,słownik!$J$4:$AD$165,R$1,FALSE),"-") -> - | S96: =IFERROR(VLOOKUP($N96,słownik!$J$4:$AD$165,S$1,FALSE),"-") -> - | T96: =IFERROR(VLOOKUP($N96,słownik!$J$4:$AD$165,T$1,FALSE),"-") -> - | U96: =IFERROR(VLOOKUP($N96,słownik!$J$4:$AD$165,U$1,FALSE),"-") -> -
B97: =IF(F97="","",$M$2) | C97: =IF(F97="","",$F$3) | D97: =IF(F97="","",$M$3) | L97: =IF(F97="","",IF(ISERROR(VLOOKUP(F97,F98:$F$500,1,0)),SUMIF(F:F,F97,I:I),"")) | M97: =IFERROR(VLOOKUP(F97,słownik!A:I,9,0),"") | N97: =IFERROR(VLOOKUP(M97,słownik!I:J,2,FALSE),"-") -> - | O97: =IFERROR(VLOOKUP($N97,słownik!$J$4:$AD$165,O$1,FALSE),"-") -> - | P97: =IFERROR(VLOOKUP($N97,słownik!$J$4:$AD$165,P$1,FALSE),"-") -> - | Q97: =IFERROR(VLOOKUP($N97,słownik!$J$4:$AD$165,Q$1,FALSE),"-") -> - | R97: =IFERROR(VLOOKUP($N97,słownik!$J$4:$AD$165,R$1,FALSE),"-") -> - | S97: =IFERROR(VLOOKUP($N97,słownik!$J$4:$AD$165,S$1,FALSE),"-") -> - | T97: =IFERROR(VLOOKUP($N97,słownik!$J$4:$AD$165,T$1,FALSE),"-") -> - | U97: =IFERROR(VLOOKUP($N97,słownik!$J$4:$AD$165,U$1,FALSE),"-") -> -
B98: =IF(F98="","",$M$2) | C98: =IF(F98="","",$F$3) | D98: =IF(F98="","",$M$3) | L98: =IF(F98="","",IF(ISERROR(VLOOKUP(F98,F99:$F$500,1,0)),SUMIF(F:F,F98,I:I),"")) | M98: =IFERROR(VLOOKUP(F98,słownik!A:I,9,0),"") | N98: =IFERROR(VLOOKUP(M98,słownik!I:J,2,FALSE),"-") -> - | O98: =IFERROR(VLOOKUP($N98,słownik!$J$4:$AD$165,O$1,FALSE),"-") -> - | P98: =IFERROR(VLOOKUP($N98,słownik!$J$4:$AD$165,P$1,FALSE),"-") -> - | Q98: =IFERROR(VLOOKUP($N98,słownik!$J$4:$AD$165,Q$1,FALSE),"-") -> - | R98: =IFERROR(VLOOKUP($N98,słownik!$J$4:$AD$165,R$1,FALSE),"-") -> - | S98: =IFERROR(VLOOKUP($N98,słownik!$J$4:$AD$165,S$1,FALSE),"-") -> - | T98: =IFERROR(VLOOKUP($N98,słownik!$J$4:$AD$165,T$1,FALSE),"-") -> - | U98: =IFERROR(VLOOKUP($N98,słownik!$J$4:$AD$165,U$1,FALSE),"-") -> -
... B404: =IF(F404="","",$M$2) | C404: =IF(F404="","",$F$3) | D404: =IF(F404="","",$M$3) | L404: =IF(F404="","",IF(ISERROR(VLOOKUP(F404,F405:$F$500,1,0)),SUMIF(F:F,F404,I:I),"")) | M404: =IFERROR(VLOOKUP(F404,słownik!A:I,9,0),"") | N404: =IFERROR(VLOOKUP(M404,słownik!I:J,2,FALSE),"-") -> - | O404: =IFERROR(VLOOKUP($N404,słownik!$J$4:$AD$165,O$1,FALSE),"-") -> - | P404: =IFERROR(VLOOKUP($N404,słownik!$J$4:$AD$165,P$1,FALSE),"-") -> - | Q404: =IFERROR(VLOOKUP($N404,słownik!$J$4:$AD$165,Q$1,FALSE),"-") -> - | R404: =IFERROR(VLOOKUP($N404,słownik!$J$4:$AD$165,R$1,FALSE),"-") -> - | S404: =IFERROR(VLOOKUP($N404,słownik!$J$4:$AD$165,S$1,FALSE),"-") -> - | T404: =IFERROR(VLOOKUP($N404,słownik!$J$4:$AD$165,T$1,FALSE),"-") -> - | U404: =IFERROR(VLOOKUP($N404,słownik!$J$4:$AD$165,U$1,FALSE),"-") -> -
B405: =IF(F405="","",$M$2) | C405: =IF(F405="","",$F$3) | D405: =IF(F405="","",$M$3)
B406: =IF(F406="","",$M$2) | C406: =IF(F406="","",$F$3) | D406: =IF(F406="","",$M$3)
B407: =IF(F407="","",$M$2) | C407: =IF(F407="","",$F$3) | D407: =IF(F407="","",$M$3)
B408: =IF(F408="","",$M$2) | C408: =IF(F408="","",$F$3) | D408: =IF(F408="","",$M$3)
B409: =IF(F409="","",$M$2) | C409: =IF(F409="","",$F$3) | D409: =IF(F409="","",$M$3)
B410: =IF(F410="","",$M$2) | C410: =IF(F410="","",$F$3) | D410: =IF(F410="","",$M$3)
B411: =IF(F411="","",$M$2) | C411: =IF(F411="","",$F$3) | D411: =IF(F411="","",$M$3)
B412: =IF(F412="","",$M$2) | C412: =IF(F412="","",$F$3) | D412: =IF(F412="","",$M$3)
B413: =IF(F413="","",$M$2) | C413: =IF(F413="","",$F$3) | D413: =IF(F413="","",$M$3)
B414: =IF(F414="","",$M$2) | C414: =IF(F414="","",$F$3) | D414: =IF(F414="","",$M$3)
B415: =IF(F415="","",$M$2) | C415: =IF(F415="","",$F$3) | D415: =IF(F415="","",$M$3)
B416: =IF(F416="","",$M$2) | C416: =IF(F416="","",$F$3) | D416: =IF(F416="","",$M$3)
... B500: =IF(F500="","",$M$2) | C500: =IF(F500="","",$F$3) | D500: =IF(F500="","",$M$3)

Sheet słownik
L2: 14 | M2: 15 | N2: 16 | O2: 17 | P2: 18 | Q2: 19 | S2: 21 | T2: 22 | U2: 23 | V2: 24 | W2: 25 | X2: 26 | Y2: 27 | Z2: 28 | AA2: 29 | AB2: 30 | AC2: 31 | AD2: 32
A3: Program | B3: Dekretacja Axapta | C3: Indeks | D3: JO | E3: MPK | F3: PKK | G3: ZLEC | H3: KONTO | I3: NPK INDEKS | J3: KOD | K3: Konto_kod | L3: Właściciel budżetu | M3: Linia produktowa | N3: Kategoria | O3: Podkategoria | P3: CC code | Q3: CC name | R3: Artykuł | S3: Artykuł1 | T3: Artykuł2 | U3: Artykuł3 | V3: Artykuł4 | W3: Artykuł5 | X3: Artykuł6 | Y3: Artykuł7 | Z3: Artykuł8 | AA3: Artykuł9 | AB3: Artykuł10 | AC3: Artykuł11 | AD3: Artykuł12 | AF3: czy jest w schemacie
A4: 1na1 | B4: 5010000 D02 K13 RK637 AN00207 | C4: 5010000_D02_K13_RK637_AN00207 | D4: J32_CANAL+ SPORT | E4: M32_CANAL+ SPORT | F4: 4370_MAGAZINES | G4: Z3708_1 NA 1 / 1 NA 1 EXTRA | H4: 63202-1000_Koszty redakcji - umowy cywilno-prawne | I4: =LEFT(D4,3)&"_"&LEFT(E4,3)&"_"&LEFT(F4,4)&"_"&LEFT(G4,5)&"_"&LEFT(H4,10) -> J32_M32_4370_Z3708_63202-1000 | J4: =LEFT(D4,3)&"_"&LEFT(E4,3)&"_"&LEFT(F4,4)&"_"&LEFT(G4,5)&"_"&LEFT(H4,5) -> J32_M32_4370_Z3708_63202 | K4: =LEFT(H4,10) -> 63202-1000 | L4: =IFERROR(VLOOKUP($J4,[2]OPEX!$H:$AM,L$2,FALSE),"-") -> Sport Dep | M4: =IFERROR(VLOOKUP($J4,[2]OPEX!$H:$AM,M$2,FALSE),"-") -> C+Sport | N4: =IFERROR(VLOOKUP($J4,[2]OPEX!$H:$AM,N$2,FALSE),"-") -> Old Magazines | O4: =IFERROR(VLOOKUP($J4,[2]OPEX!$H:$AM,O$2,FALSE),"-") -> Pprod-Editing | P4: =IFERROR(VLOOKUP($J4,[2]OPEX!$H:$AM,P$2,FALSE),"-") -> PS1S0M0G13 | Q4: =IFERROR(VLOOKUP($J4,[2]OPEX!$H:$AM,Q$2,FALSE),"-") -> C+Sport Maga Old Postprod | R4: =S4 | S4: =IFERROR(VLOOKUP($J4,[2]OPEX!$H:$AM,S$2,FALSE),"-") | T4: =IFERROR(VLOOKUP($J4,[2]OPEX!$H:$AM,T$2,FALSE),"-") | U4: =IFERROR(VLOOKUP($J4,[2]OPEX!$H:$AM,U$2,FALSE),"-") | V4: =IFERROR(VLOOKUP($J4,[2]OPEX!$H:$AM,V$2,FALSE),"-") | W4: =IFERROR(VLOOKUP($J4,[2]OPEX!$H:$AM,W$2,FALSE),"-") | X4: =IFERROR(VLOOKUP($J4,[2]OPEX!$H:$AM,X$2,FALSE),"-") | Y4: =IFERROR(VLOOKUP($J4,[2]OPEX!$H:$AM,Y$2,FALSE),"-") | Z4: =IFERROR(VLOOKUP($J4,[2]OPEX!$H:$AM,Z$2,FALSE),"-") | ... AD4: =IFERROR(VLOOKUP($J4,[2]OPEX!$H:$AM,AD$2,FALSE),"-") | AF4: =VLOOKUP(J4,[3]BU_COSTS!$C:$C,1,FALSE) -> J32_M32_4370_Z3708_63202
A5: Boks Zagraniczny | B5: 5010000 D02 K13 RK504 AN00207 | C5: 5010000_D02_K13_RK504_AN00207 | D5: J32_CANAL+ SPORT | E5: M32_CANAL+ SPORT | F5: 4360_BOXING | G5: Z3651_FOREIGN BOXING | H5: 63202-1000_Koszty redakcji - umowy cywilno-prawne | I5: =LEFT(D5,3)&"_"&LEFT(E5,3)&"_"&LEFT(F5,4)&"_"&LEFT(G5,5)&"_"&LEFT(H5,10) -> J32_M32_4360_Z3651_63202-1000 | J5: =LEFT(D5,3)&"_"&LEFT(E5,3)&"_"&LEFT(F5,4)&"_"&LEFT(G5,5)&"_"&LEFT(H5,5) -> J32_M32_4360_Z3651_63202 | K5: =LEFT(H5,10) -> 63202-1000 | L5: =IFERROR(VLOOKUP($J5,[2]OPEX!$H:$AM,L$2,FALSE),"-") -> Sport Dep | M5: =IFERROR(VLOOKUP($J5,[2]OPEX!$H:$AM,M$2,FALSE),"-") -> C+Sport | N5: =IFERROR(VLOOKUP($J5,[2]OPEX!$H:$AM,N$2,FALSE),"-") -> Box | O5: =IFERROR(VLOOKUP($J5,[2]OPEX!$H:$AM,O$2,FALSE),"-") -> Pprod-Editing | P5: =IFERROR(VLOOKUP($J5,[2]OPEX!$H:$AM,P$2,FALSE),"-") -> PS1S0M04X3 | Q5: =IFERROR(VLOOKUP($J5,[2]OPEX!$H:$AM,Q$2,FALSE),"-") -> C+Sport Box Postprod | R5: =S5 -> PRODUKCJA – MONTAŻ/WIDEO/MIKS/AUDIO | S5: =IFERROR(VLOOKUP($J5,[2]OPEX!$H:$AM,S$2,FALSE),"-") -> PRODUKCJA – MONTAŻ/WIDEO/MIKS/AUDIO | T5: =IFERROR(VLOOKUP($J5,[2]OPEX!$H:$AM,T$2,FALSE),"-") | U5: =IFERROR(VLOOKUP($J5,[2]OPEX!$H:$AM,U$2,FALSE),"-") | V5: =IFERROR(VLOOKUP($J5,[2]OPEX!$H:$AM,V$2,FALSE),"-") | W5: =IFERROR(VLOOKUP($J5,[2]OPEX!$H:$AM,W$2,FALSE),"-") | X5: =IFERROR(VLOOKUP($J5,[2]OPEX!$H:$AM,X$2,FALSE),"-") | Y5: =IFERROR(VLOOKUP($J5,[2]OPEX!$H:$AM,Y$2,FALSE),"-") | Z5: =IFERROR(VLOOKUP($J5,[2]OPEX!$H:$AM,Z$2,FALSE),"-") | ... AD5: =IFERROR(VLOOKUP($J5,[2]OPEX!$H:$AM,AD$2,FALSE),"-") | AF5: =VLOOKUP(J5,[3]BU_COSTS!$C:$C,1,FALSE) -> J32_M32_4360_Z3651_63202
A6: BOXING WORLD WEEKLY | D6: J32_CANAL+ SPORT | E6: M32_CANAL+ SPORT | F6: 4370_MAGAZINES | G6: Z3725_WRC | H6: 63202-1000_Koszty redakcji - umowy cywilno-prawne | I6: =LEFT(D6,3)&"_"&LEFT(E6,3)&"_"&LEFT(F6,4)&"_"&LEFT(G6,5)&"_"&LEFT(H6,10) -> J32_M32_4370_Z3725_63202-1000 | J6: =LEFT(D6,3)&"_"&LEFT(E6,3)&"_"&LEFT(F6,4)&"_"&LEFT(G6,5)&"_"&LEFT(H6,5) -> J32_M32_4370_Z3725_63202 | K6: =LEFT(H6,10) -> 63202-1000 | L6: =IFERROR(VLOOKUP($J6,[2]OPEX!$H:$AM,L$2,FALSE),"-") -> Sport Dep | M6: =IFERROR(VLOOKUP($J6,[2]OPEX!$H:$AM,M$2,FALSE),"-") -> C+Sport | N6: =IFERROR(VLOOKUP($J6,[2]OPEX!$H:$AM,N$2,FALSE),"-") -> Martial Arts | O6: =IFERROR(VLOOKUP($J6,[2]OPEX!$H:$AM,O$2,FALSE),"-") -> Pprod-Editing | P6: =IFERROR(VLOOKUP($J6,[2]OPEX!$H:$AM,P$2,FALSE),"-") -> PS1S0M0UT3 | Q6: =IFERROR(VLOOKUP($J6,[2]OPEX!$H:$AM,Q$2,FALSE),"-") -> C+Sport Mag Martial Arts Postprod | R6: =S6 -> PRODUKCJA – MONTAŻ/WIDEO/MIKS/AUDIO | S6: =IFERROR(VLOOKUP($J6,[2]OPEX!$H:$AM,S$2,FALSE),"-") -> PRODUKCJA – MONTAŻ/WIDEO/MIKS/AUDIO | T6: =IFERROR(VLOOKUP($J6,[2]OPEX!$H:$AM,T$2,FALSE),"-") | U6: =IFERROR(VLOOKUP($J6,[2]OPEX!$H:$AM,U$2,FALSE),"-") | V6: =IFERROR(VLOOKUP($J6,[2]OPEX!$H:$AM,V$2,FALSE),"-") | W6: =IFERROR(VLOOKUP($J6,[2]OPEX!$H:$AM,W$2,FALSE),"-") | X6: =IFERROR(VLOOKUP($J6,[2]OPEX!$H:$AM,X$2,FALSE),"-") | Y6: =IFERROR(VLOOKUP($J6,[2]OPEX!$H:$AM,Y$2,FALSE),"-") | Z6: =IFERROR(VLOOKUP($J6,[2]OPEX!$H:$AM,Z$2,FALSE),"-") | ... AD6: =IFERROR(VLOOKUP($J6,[2]OPEX!$H:$AM,AD$2,FALSE),"-") | AF6: =VLOOKUP(J6,[3]BU_COSTS!$C:$C,1,FALSE) -> J32_M32_4370_Z3725_63202
A7: Ekstraklasa Po Godzinach | B7: 5010000 D02 K13 RK522 AN00207 | C7: 5010000_D02_K13_RK522_AN00207 | D7: J32_CANAL+ SPORT | E7: M32_CANAL+ SPORT | F7: 4370_MAGAZINES | G7: Z3722_EKSTRAKLASA PO GODZINACH | H7: 63202-1000_Koszty redakcji - umowy cywilno-prawne | I7: =LEFT(D7,3)&"_"&LEFT(E7,3)&"_"&LEFT(F7,4)&"_"&LEFT(G7,5)&"_"&LEFT(H7,10) -> J32_M32_4370_Z3722_63202-1000 | J7: =LEFT(D7,3)&"_"&LEFT(E7,3)&"_"&LEFT(F7,4)&"_"&LEFT(G7,5)&"_"&LEFT(H7,5) -> J32_M32_4370_Z3722_63202 | K7: =LEFT(H7,10) -> 63202-1000 | L7: =IFERROR(VLOOKUP($J7,[2]OPEX!$H:$AM,L$2,FALSE),"-") -> Sport Dep | M7: =IFERROR(VLOOKUP($J7,[2]OPEX!$H:$AM,M$2,FALSE),"-") -> C+Sport | N7: =IFERROR(VLOOKUP($J7,[2]OPEX!$H:$AM,N$2,FALSE),"-") -> EKL PG | O7: =IFERROR(VLOOKUP($J7,[2]OPEX!$H:$AM,O$2,FALSE),"-") -> Pprod-Editing | P7: =IFERROR(VLOOKUP($J7,[2]OPEX!$H:$AM,P$2,FALSE),"-") -> PS1S0M0CG3 | Q7: =IFERROR(VLOOKUP($J7,[2]OPEX!$H:$AM,Q$2,FALSE),"-") -> C+Sport Mag Ekstra PG Postprod | R7: =S7 -> PRODUKCJA – MONTAŻ/WIDEO/MIKS/AUDIO | S7: =IFERROR(VLOOKUP($J7,[2]OPEX!$H:$AM,S$2,FALSE),"-") -> PRODUKCJA – MONTAŻ/WIDEO/MIKS/AUDIO | T7: =IFERROR(VLOOKUP($J7,[2]OPEX!$H:$AM,T$2,FALSE),"-") | U7: =IFERROR(VLOOKUP($J7,[2]OPEX!$H:$AM,U$2,FALSE),"-") | V7: =IFERROR(VLOOKUP($J7,[2]OPEX!$H:$AM,V$2,FALSE),"-") | W7: =IFERROR(VLOOKUP($J7,[2]OPEX!$H:$AM,W$2,FALSE),"-") | X7: =IFERROR(VLOOKUP($J7,[2]OPEX!$H:$AM,X$2,FALSE),"-") | Y7: =IFERROR(VLOOKUP($J7,[2]OPEX!$H:$AM,Y$2,FALSE),"-") | Z7: =IFERROR(VLOOKUP($J7,[2]OPEX!$H:$AM,Z$2,FALSE),"-") | ... AD7: =IFERROR(VLOOKUP($J7,[2]OPEX!$H:$AM,AD$2,FALSE),"-") | AF7: =VLOOKUP(J7,[3]BU_COSTS!$C:$C,1,FALSE) -> J32_M32_4370_Z3722_63202
A8: Ekstraklasyka | D8: J32_CANAL+ SPORT | E8: M32_CANAL+ SPORT | F8: 4370_MAGAZINES | G8: Z3712_MAGAZYNY LIGA POLSKA | H8: 63202-1000_Koszty redakcji - umowy cywilno-prawne | I8: =LEFT(D8,3)&"_"&LEFT(E8,3)&"_"&LEFT(F8,4)&"_"&LEFT(G8,5)&"_"&LEFT(H8,10) -> J32_M32_4370_Z3712_63202-1000 | J8: =LEFT(D8,3)&"_"&LEFT(E8,3)&"_"&LEFT(F8,4)&"_"&LEFT(G8,5)&"_"&LEFT(H8,5) -> J32_M32_4370_Z3712_63202 | K8: =LEFT(H8,10) -> 63202-1000 | L8: =IFERROR(VLOOKUP($J8,[2]OPEX!$H:$AM,L$2,FALSE),"-") -> Sport Dep | M8: =IFERROR(VLOOKUP($J8,[2]OPEX!$H:$AM,M$2,FALSE),"-") -> C+Sport | N8: =IFERROR(VLOOKUP($J8,[2]OPEX!$H:$AM,N$2,FALSE),"-") -> Old Magazines | O8: =IFERROR(VLOOKUP($J8,[2]OPEX!$H:$AM,O$2,FALSE),"-") -> Production | P8: =IFERROR(VLOOKUP($J8,[2]OPEX!$H:$AM,P$2,FALSE),"-") -> PS1S0POL13 | Q8: =IFERROR(VLOOKUP($J8,[2]OPEX!$H:$AM,Q$2,FALSE),"-") -> C+Sport Magazines Old Production | R8: =S8 | S8: =IFERROR(VLOOKUP($J8,[2]OPEX!$H:$AM,S$2,FALSE),"-") | T8: =IFERROR(VLOOKUP($J8,[2]OPEX!$H:$AM,T$2,FALSE),"-") | U8: =IFERROR(VLOOKUP($J8,[2]OPEX!$H:$AM,U$2,FALSE),"-") | V8: =IFERROR(VLOOKUP($J8,[2]OPEX!$H:$AM,V$2,FALSE),"-") | W8: =IFERROR(VLOOKUP($J8,[2]OPEX!$H:$AM,W$2,FALSE),"-") | X8: =IFERROR(VLOOKUP($J8,[2]OPEX!$H:$AM,X$2,FALSE),"-") | Y8: =IFERROR(VLOOKUP($J8,[2]OPEX!$H:$AM,Y$2,FALSE),"-") | Z8: =IFERROR(VLOOKUP($J8,[2]OPEX!$H:$AM,Z$2,FALSE),"-") | ... AD8: =IFERROR(VLOOKUP($J8,[2]OPEX!$H:$AM,AD$2,FALSE),"-") | AF8: =VLOOKUP(J8,[3]BU_COSTS!$C:$C,1,FALSE) -> J32_M32_4370_Z3712_63202
A9: Gala Ekstraklasy | D9: J32_CANAL+ SPORT | E9: M32_CANAL+ SPORT | F9: 4356_SPECIAL EVENT | G9: Z3580_SPECIAL EVENTS | H9: 63202-1000_Koszty redakcji - umowy cywilno-prawne | I9: =LEFT(D9,3)&"_"&LEFT(E9,3)&"_"&LEFT(F9,4)&"_"&LEFT(G9,5)&"_"&LEFT(H9,10) -> J32_M32_4356_Z3580_63202-1000 | J9: =LEFT(D9,3)&"_"&LEFT(E9,3)&"_"&LEFT(F9,4)&"_"&LEFT(G9,5)&"_"&LEFT(H9,5) -> J32_M32_4356_Z3580_63202 | K9: =LEFT(H9,10) -> 63202-1000 | L9: =IFERROR(VLOOKUP($J9,[2]OPEX!$H:$AM,L$2,FALSE),"-") -> Sport Dep | M9: =IFERROR(VLOOKUP($J9,[2]OPEX!$H:$AM,M$2,FALSE),"-") -> C+Sport | N9: =IFERROR(VLOOKUP($J9,[2]OPEX!$H:$AM,N$2,FALSE),"-") -> Special Events | O9: =IFERROR(VLOOKUP($J9,[2]OPEX!$H:$AM,O$2,FALSE),"-") -> Pprod-Editing | P9: =IFERROR(VLOOKUP($J9,[2]OPEX!$H:$AM,P$2,FALSE),"-") -> PS1S0M15V3 | Q9: =IFERROR(VLOOKUP($J9,[2]OPEX!$H:$AM,Q$2,FALSE),"-") -> C+Sport Events Special Postprod | R9: =S9 -> PRODUKCJA – MONTAŻ/WIDEO/MIKS/AUDIO | S9: =IFERROR(VLOOKUP($J9,[2]OPEX!$H:$AM,S$2,FALSE),"-") -> PRODUKCJA – MONTAŻ/WIDEO/MIKS/AUDIO | T9: =IFERROR(VLOOKUP($J9,[2]OPEX!$H:$AM,T$2,FALSE),"-") | U9: =IFERROR(VLOOKUP($J9,[2]OPEX!$H:$AM,U$2,FALSE),"-") | V9: =IFERROR(VLOOKUP($J9,[2]OPEX!$H:$AM,V$2,FALSE),"-") | W9: =IFERROR(VLOOKUP($J9,[2]OPEX!$H:$AM,W$2,FALSE),"-") | X9: =IFERROR(VLOOKUP($J9,[2]OPEX!$H:$AM,X$2,FALSE),"-") | Y9: =IFERROR(VLOOKUP($J9,[2]OPEX!$H:$AM,Y$2,FALSE),"-") | Z9: =IFERROR(VLOOKUP($J9,[2]OPEX!$H:$AM,Z$2,FALSE),"-") | ... AD9: =IFERROR(VLOOKUP($J9,[2]OPEX!$H:$AM,AD$2,FALSE),"-") | AF9: =VLOOKUP(J9,[3]BU_COSTS!$C:$C,1,FALSE) -> J32_M32_4356_Z3580_63202
A10: Gala Ekstraligi | D10: J32_CANAL+ SPORT | E10: M32_CANAL+ SPORT | F10: 4356_SPECIAL EVENT | G10: Z3580_SPECIAL EVENTS | H10: 63202-1000_Koszty redakcji - umowy cywilno-prawne | I10: =LEFT(D10,3)&"_"&LEFT(E10,3)&"_"&LEFT(F10,4)&"_"&LEFT(G10,5)&"_"&LEFT(H10,10) -> J32_M32_4356_Z3580_63202-1000 | J10: =LEFT(D10,3)&"_"&LEFT(E10,3)&"_"&LEFT(F10,4)&"_"&LEFT(G10,5)&"_"&LEFT(H10,5) -> J32_M32_4356_Z3580_63202 | K10: =LEFT(H10,10) -> 63202-1000 | L10: =IFERROR(VLOOKUP($J10,[2]OPEX!$H:$AM,L$2,FALSE),"-") -> Sport Dep | M10: =IFERROR(VLOOKUP($J10,[2]OPEX!$H:$AM,M$2,FALSE),"-") -> C+Sport | N10: =IFERROR(VLOOKUP($J10,[2]OPEX!$H:$AM,N$2,FALSE),"-") -> Special Events | O10: =IFERROR(VLOOKUP($J10,[2]OPEX!$H:$AM,O$2,FALSE),"-") -> Pprod-Editing | P10: =IFERROR(VLOOKUP($J10,[2]OPEX!$H:$AM,P$2,FALSE),"-") -> PS1S0M15V3 | Q10: =IFERROR(VLOOKUP($J10,[2]OPEX!$H:$AM,Q$2,FALSE),"-") -> C+Sport Events Special Postprod | R10: =S10 -> PRODUKCJA – MONTAŻ/WIDEO/MIKS/AUDIO | S10: =IFERROR(VLOOKUP($J10,[2]OPEX!$H:$AM,S$2,FALSE),"-") -> PRODUKCJA – MONTAŻ/WIDEO/MIKS/AUDIO | T10: =IFERROR(VLOOKUP($J10,[2]OPEX!$H:$AM,T$2,FALSE),"-") | U10: =IFERROR(VLOOKUP($J10,[2]OPEX!$H:$AM,U$2,FALSE),"-") | V10: =IFERROR(VLOOKUP($J10,[2]OPEX!$H:$AM,V$2,FALSE),"-") | W10: =IFERROR(VLOOKUP($J10,[2]OPEX!$H:$AM,W$2,FALSE),"-") | X10: =IFERROR(VLOOKUP($J10,[2]OPEX!$H:$AM,X$2,FALSE),"-") | Y10: =IFERROR(VLOOKUP($J10,[2]OPEX!$H:$AM,Y$2,FALSE),"-") | Z10: =IFERROR(VLOOKUP($J10,[2]OPEX!$H:$AM,Z$2,FALSE),"-") | ... AD10: =IFERROR(VLOOKUP($J10,[2]OPEX!$H:$AM,AD$2,FALSE),"-") | AF10: =VLOOKUP(J10,[3]BU_COSTS!$C:$C,1,FALSE) -> J32_M32_4356_Z3580_63202
A11: GALE BKFC | D11: J32_CANAL+ SPORT | E11: M32_CANAL+ SPORT | F11: 4370_MAGAZINES | G11: Z3725_WRC | H11: 63202-1000_Koszty redakcji - umowy cywilno-prawne | I11: =LEFT(D11,3)&"_"&LEFT(E11,3)&"_"&LEFT(F11,4)&"_"&LEFT(G11,5)&"_"&LEFT(H11,10) -> J32_M32_4370_Z3725_63202-1000 | J11: =LEFT(D11,3)&"_"&LEFT(E11,3)&"_"&LEFT(F11,4)&"_"&LEFT(G11,5)&"_"&LEFT(H11,5) -> J32_M32_4370_Z3725_63202 | K11: =LEFT(H11,10) -> 63202-1000 | L11: =IFERROR(VLOOKUP($J11,[2]OPEX!$H:$AM,L$2,FALSE),"-") -> Sport Dep | M11: =IFERROR(VLOOKUP($J11,[2]OPEX!$H:$AM,M$2,FALSE),"-") -> C+Sport | N11: =IFERROR(VLOOKUP($J11,[2]OPEX!$H:$AM,N$2,FALSE),"-") -> Martial Arts | O11: =IFERROR(VLOOKUP($J11,[2]OPEX!$H:$AM,O$2,FALSE),"-") -> Pprod-Editing | P11: =IFERROR(VLOOKUP($J11,[2]OPEX!$H:$AM,P$2,FALSE),"-") -> PS1S0M0UT3 | Q11: =IFERROR(VLOOKUP($J11,[2]OPEX!$H:$AM,Q$2,FALSE),"-") -> C+Sport Mag Martial Arts Postprod | R11: =S11 -> PRODUKCJA – MONTAŻ/WIDEO/MIKS/AUDIO | S11: =IFERROR(VLOOKUP($J11,[2]OPEX!$H:$AM,S$2,FALSE),"-") -> PRODUKCJA – MONTAŻ/WIDEO/MIKS/AUDIO | T11: =IFERROR(VLOOKUP($J11,[2]OPEX!$H:$AM,T$2,FALSE),"-") | U11: =IFERROR(VLOOKUP($J11,[2]OPEX!$H:$AM,U$2,FALSE),"-") | V11: =IFERROR(VLOOKUP($J11,[2]OPEX!$H:$AM,V$2,FALSE),"-") | W11: =IFERROR(VLOOKUP($J11,[2]OPEX!$H:$AM,W$2,FALSE),"-") | X11: =IFERROR(VLOOKUP($J11,[2]OPEX!$H:$AM,X$2,FALSE),"-") | Y11: =IFERROR(VLOOKUP($J11,[2]OPEX!$H:$AM,Y$2,FALSE),"-") | Z11: =IFERROR(VLOOKUP($J11,[2]OPEX!$H:$AM,Z$2,FALSE),"-") | ... AD11: =IFERROR(VLOOKUP($J11,[2]OPEX!$H:$AM,AD$2,FALSE),"-") | AF11: =VLOOKUP(J11,[3]BU_COSTS!$C:$C,1,FALSE) -> J32_M32_4370_Z3725_63202
A12: Jej Wysokość Premier League | C12: 5010000_D02_K13_RK511_AN00207 | D12: J32_CANAL+ SPORT | E12: M32_CANAL+ SPORT | F12: 4370_MAGAZINES | G12: Z3711_JW PREMIER LEAGUE | H12: 63202-1000_Koszty redakcji - umowy cywilno-prawne | I12: =LEFT(D12,3)&"_"&LEFT(E12,3)&"_"&LEFT(F12,4)&"_"&LEFT(G12,5)&"_"&LEFT(H12,10) -> J32_M32_4370_Z3711_63202-1000 | J12: =LEFT(D12,3)&"_"&LEFT(E12,3)&"_"&LEFT(F12,4)&"_"&LEFT(G12,5)&"_"&LEFT(H12,5) -> J32_M32_4370_Z3711_63202 | K12: =LEFT(H12,10) -> 63202-1000 | L12: =IFERROR(VLOOKUP($J12,[2]OPEX!$H:$AM,L$2,FALSE),"-") -> Sport Dep | M12: =IFERROR(VLOOKUP($J12,[2]OPEX!$H:$AM,M$2,FALSE),"-") -> C+Sport | N12: =IFERROR(VLOOKUP($J12,[2]OPEX!$H:$AM,N$2,FALSE),"-") -> JWPL | O12: =IFERROR(VLOOKUP($J12,[2]OPEX!$H:$AM,O$2,FALSE),"-") -> Pprod-Editing | P12: =IFERROR(VLOOKUP($J12,[2]OPEX!$H:$AM,P$2,FALSE),"-") -> PS1S0M0HP3 | Q12: =IFERROR(VLOOKUP($J12,[2]OPEX!$H:$AM,Q$2,FALSE),"-") -> C+Sport Mag JWPL Postprod | R12: =S12 -> PRODUKCJA – MONTAŻ/WIDEO/MIKS/AUDIO | S12: =IFERROR(VLOOKUP($J12,[2]OPEX!$H:$AM,S$2,FALSE),"-") -> PRODUKCJA – MONTAŻ/WIDEO/MIKS/AUDIO | T12: =IFERROR(VLOOKUP($J12,[2]OPEX!$H:$AM,T$2,FALSE),"-") | U12: =IFERROR(VLOOKUP($J12,[2]OPEX!$H:$AM,U$2,FALSE),"-") | V12: =IFERROR(VLOOKUP($J12,[2]OPEX!$H:$AM,V$2,FALSE),"-") | W12: =IFERROR(VLOOKUP($J12,[2]OPEX!$H:$AM,W$2,FALSE),"-") | X12: =IFERROR(VLOOKUP($J12,[2]OPEX!$H:$AM,X$2,FALSE),"-") | Y12: =IFERROR(VLOOKUP($J12,[2]OPEX!$H:$AM,Y$2,FALSE),"-") | Z12: =IFERROR(VLOOKUP($J12,[2]OPEX!$H:$AM,Z$2,FALSE),"-") | ... AD12: =IFERROR(VLOOKUP($J12,[2]OPEX!$H:$AM,AD$2,FALSE),"-") | AF12: =VLOOKUP(J12,[3]BU_COSTS!$C:$C,1,FALSE) -> J32_M32_4370_Z3711_63202
A13: Liga Angielska - EPL | D13: J32_CANAL+ SPORT | E13: M32_CANAL+ SPORT | F13: 4357_FOOTBALL | G13: Z3606_ENGLISH LEAGUE | H13: 63202-1000_Koszty redakcji - umowy cywilno-prawne | I13: =LEFT(D13,3)&"_"&LEFT(E13,3)&"_"&LEFT(F13,4)&"_"&LEFT(G13,5)&"_"&LEFT(H13,10) -> J32_M32_4357_Z3606_63202-1000 | J13: =LEFT(D13,3)&"_"&LEFT(E13,3)&"_"&LEFT(F13,4)&"_"&LEFT(G13,5)&"_"&LEFT(H13,5) -> J32_M32_4357_Z3606_63202 | K13: =LEFT(H13,10) -> 63202-1000 | L13: =IFERROR(VLOOKUP($J13,[2]OPEX!$H:$AM,L$2,FALSE),"-") -> Sport Dep | M13: =IFERROR(VLOOKUP($J13,[2]OPEX!$H:$AM,M$2,FALSE),"-") -> C+Sport | N13: =IFERROR(VLOOKUP($J13,[2]OPEX!$H:$AM,N$2,FALSE),"-") -> EPL | O13: =IFERROR(VLOOKUP($J13,[2]OPEX!$H:$AM,O$2,FALSE),"-") -> Pprod-Editing | P13: =IFERROR(VLOOKUP($J13,[2]OPEX!$H:$AM,P$2,FALSE),"-") -> PS1S0M08L3 | Q13: =IFERROR(VLOOKUP($J13,[2]OPEX!$H:$AM,Q$2,FALSE),"-") -> C+Sport Football EPL Postprod | R13: =S13 -> PRODUKCJA – MONTAŻ/WIDEO/MIKS/AUDIO | S13: =IFERROR(VLOOKUP($J13,[2]OPEX!$H:$AM,S$2,FALSE),"-") -> PRODUKCJA – MONTAŻ/WIDEO/MIKS/AUDIO | T13: =IFERROR(VLOOKUP($J13,[2]OPEX!$H:$AM,T$2,FALSE),"-") | U13: =IFERROR(VLOOKUP($J13,[2]OPEX!$H:$AM,U$2,FALSE),"-") | V13: =IFERROR(VLOOKUP($J13,[2]OPEX!$H:$AM,V$2,FALSE),"-") | W13: =IFERROR(VLOOKUP($J13,[2]OPEX!$H:$AM,W$2,FALSE),"-") | X13: =IFERROR(VLOOKUP($J13,[2]OPEX!$H:$AM,X$2,FALSE),"-") | Y13: =IFERROR(VLOOKUP($J13,[2]OPEX!$H:$AM,Y$2,FALSE),"-") | Z13: =IFERROR(VLOOKUP($J13,[2]OPEX!$H:$AM,Z$2,FALSE),"-") | ... AD13: =IFERROR(VLOOKUP($J13,[2]OPEX!$H:$AM,AD$2,FALSE),"-") | AF13: =VLOOKUP(J13,[3]BU_COSTS!$C:$C,1,FALSE) -> J32_M32_4357_Z3606_63202
A14: Liga Angielska CZECHY | D14: J32_CANAL+ SPORT | E14: M02_EXTERNAL MARKETS | F14: 4374_PROJECT EPL/M7 | G14: Z3606_ENGLISH LEAGUE | H14: 63202-1000_Koszty redakcji - umowy cywilno-prawne | I14: =LEFT(D14,3)&"_"&LEFT(E14,3)&"_"&LEFT(F14,4)&"_"&LEFT(G14,5)&"_"&LEFT(H14,10) -> J32_M02_4374_Z3606_63202-1000 | J14: =LEFT(D14,3)&"_"&LEFT(E14,3)&"_"&LEFT(F14,4)&"_"&LEFT(G14,5)&"_"&LEFT(H14,5) -> J32_M02_4374_Z3606_63202 | K14: =LEFT(H14,10) -> 63202-1000 | L14: Sport Dep | M14: Group Services | N14: M7/EPL | O14: Production | P14: PS1X0PPL73 | Q14: Export Services EPL/M7 Production | R14: PRACOWNICY TYMCZASOWI | S14: PODRÓŻE – ZAKUP BILETÓW | T14: PRACOWNICY TYMCZASOWI | U14: PRODUKCJA – INNE USŁUGI AUDIOWIZUALNE | V14: USŁUGI PRODUKCYJNE ZEWNĘTRZNE | W14: =IFERROR(VLOOKUP($J14,[2]OPEX!$H:$AM,W$2,FALSE),"-") -> - | X14: =IFERROR(VLOOKUP($J14,[2]OPEX!$H:$AM,X$2,FALSE),"-") -> - | Y14: =IFERROR(VLOOKUP($J14,[2]OPEX!$H:$AM,Y$2,FALSE),"-") -> - | Z14: =IFERROR(VLOOKUP($J14,[2]OPEX!$H:$AM,Z$2,FALSE),"-") -> - | AA14: =IFERROR(VLOOKUP($J14,[2]OPEX!$H:$AM,AA$2,FALSE),"-") -> - | AB14: =IFERROR(VLOOKUP($J14,[2]OPEX!$H:$AM,AB$2,FALSE),"-") -> - | AC14: =IFERROR(VLOOKUP($J14,[2]OPEX!$H:$AM,AC$2,FALSE),"-") -> - | AD14: =IFERROR(VLOOKUP($J14,[2]OPEX!$H:$AM,AD$2,FALSE),"-") -> - | AF14: =VLOOKUP(J14,[3]BU_COSTS!$C:$C,1,FALSE) -> #N/A
A15: Liga Hiszpańska La Liga | D15: J32_CANAL+ SPORT | E15: M32_CANAL+ SPORT | F15: 4357_FOOTBALL | G15: Z3603_SPANISH LEAGUE | H15: 63202-1000_Koszty redakcji - umowy cywilno-prawne | I15: =LEFT(D15,3)&"_"&LEFT(E15,3)&"_"&LEFT(F15,4)&"_"&LEFT(G15,5)&"_"&LEFT(H15,10) -> J32_M32_4357_Z3603_63202-1000 | J15: =LEFT(D15,3)&"_"&LEFT(E15,3)&"_"&LEFT(F15,4)&"_"&LEFT(G15,5)&"_"&LEFT(H15,5) -> J32_M32_4357_Z3603_63202 | K15: =LEFT(H15,10) -> 63202-1000 | L15: =IFERROR(VLOOKUP($J15,[2]OPEX!$H:$AM,L$2,FALSE),"-") -> Sport Dep | M15: =IFERROR(VLOOKUP($J15,[2]OPEX!$H:$AM,M$2,FALSE),"-") -> C+Sport | N15: =IFERROR(VLOOKUP($J15,[2]OPEX!$H:$AM,N$2,FALSE),"-") -> La Liga | O15: =IFERROR(VLOOKUP($J15,[2]OPEX!$H:$AM,O$2,FALSE),"-") -> Pprod-Editing | P15: =IFERROR(VLOOKUP($J15,[2]OPEX!$H:$AM,P$2,FALSE),"-") -> PS1S0M0AL3 | Q15: =IFERROR(VLOOKUP($J15,[2]OPEX!$H:$AM,Q$2,FALSE),"-") -> C+Sport Football La Liga Postprod | R15: =S15 -> PRODUKCJA – MONTAŻ/WIDEO/MIKS/AUDIO | S15: =IFERROR(VLOOKUP($J15,[2]OPEX!$H:$AM,S$2,FALSE),"-") -> PRODUKCJA – MONTAŻ/WIDEO/MIKS/AUDIO | T15: =IFERROR(VLOOKUP($J15,[2]OPEX!$H:$AM,T$2,FALSE),"-") | U15: =IFERROR(VLOOKUP($J15,[2]OPEX!$H:$AM,U$2,FALSE),"-") | V15: =IFERROR(VLOOKUP($J15,[2]OPEX!$H:$AM,V$2,FALSE),"-") | W15: =IFERROR(VLOOKUP($J15,[2]OPEX!$H:$AM,W$2,FALSE),"-") | X15: =IFERROR(VLOOKUP($J15,[2]OPEX!$H:$AM,X$2,FALSE),"-") | Y15: =IFERROR(VLOOKUP($J15,[2]OPEX!$H:$AM,Y$2,FALSE),"-") | Z15: =IFERROR(VLOOKUP($J15,[2]OPEX!$H:$AM,Z$2,FALSE),"-") | ... AD15: =IFERROR(VLOOKUP($J15,[2]OPEX!$H:$AM,AD$2,FALSE),"-") | AF15: =VLOOKUP(J15,[3]BU_COSTS!$C:$C,1,FALSE) -> J32_M32_4357_Z3603_63202
A16: Liga Polska - Ekstraklasa | D16: J32_CANAL+ SPORT | E16: M32_CANAL+ SPORT | F16: 4357_FOOTBALL | G16: Z3601_POLISH LEAGUE | H16: 63202-1000_Koszty redakcji - umowy cywilno-prawne | I16: =LEFT(D16,3)&"_"&LEFT(E16,3)&"_"&LEFT(F16,4)&"_"&LEFT(G16,5)&"_"&LEFT(H16,10) -> J32_M32_4357_Z3601_63202-1000 | J16: =LEFT(D16,3)&"_"&LEFT(E16,3)&"_"&LEFT(F16,4)&"_"&LEFT(G16,5)&"_"&LEFT(H16,5) -> J32_M32_4357_Z3601_63202 | K16: =LEFT(H16,10) -> 63202-1000 | L16: =IFERROR(VLOOKUP($J16,[2]OPEX!$H:$AM,L$2,FALSE),"-") -> Sport Dep | M16: =IFERROR(VLOOKUP($J16,[2]OPEX!$H:$AM,M$2,FALSE),"-") -> C+Sport | N16: =IFERROR(VLOOKUP($J16,[2]OPEX!$H:$AM,N$2,FALSE),"-") -> Ekstraklasa | O16: =IFERROR(VLOOKUP($J16,[2]OPEX!$H:$AM,O$2,FALSE),"-") -> Pprod-Editing | P16: =IFERROR(VLOOKUP($J16,[2]OPEX!$H:$AM,P$2,FALSE),"-") -> PS1S0M09L3 | Q16: =IFERROR(VLOOKUP($J16,[2]OPEX!$H:$AM,Q$2,FALSE),"-") -> C+Sport Football Ekstraklasa Postprod | R16: =S16 -> PRODUKCJA – MONTAŻ/WIDEO/MIKS/AUDIO | S16: =IFERROR(VLOOKUP($J16,[2]OPEX!$H:$AM,S$2,FALSE),"-") -> PRODUKCJA – MONTAŻ/WIDEO/MIKS/AUDIO | T16: =IFERROR(VLOOKUP($J16,[2]OPEX!$H:$AM,T$2,FALSE),"-") | U16: =IFERROR(VLOOKUP($J16,[2]OPEX!$H:$AM,U$2,FALSE),"-") | V16: =IFERROR(VLOOKUP($J16,[2]OPEX!$H:$AM,V$2,FALSE),"-") | W16: =IFERROR(VLOOKUP($J16,[2]OPEX!$H:$AM,W$2,FALSE),"-") | X16: =IFERROR(VLOOKUP($J16,[2]OPEX!$H:$AM,X$2,FALSE),"-") | Y16: =IFERROR(VLOOKUP($J16,[2]OPEX!$H:$AM,Y$2,FALSE),"-") | Z16: =IFERROR(VLOOKUP($J16,[2]OPEX!$H:$AM,Z$2,FALSE),"-") | ... AD16: =IFERROR(VLOOKUP($J16,[2]OPEX!$H:$AM,AD$2,FALSE),"-") | AF16: =VLOOKUP(J16,[3]BU_COSTS!$C:$C,1,FALSE) -> J32_M32_4357_Z3601_63202
A17: Liga+ | D17: J32_CANAL+ SPORT | E17: M32_CANAL+ SPORT | F17: 4370_MAGAZINES | G17: Z3703_LIGA+ | H17: 63202-1000_Koszty redakcji - umowy cywilno-prawne | I17: =LEFT(D17,3)&"_"&LEFT(E17,3)&"_"&LEFT(F17,4)&"_"&LEFT(G17,5)&"_"&LEFT(H17,10) -> J32_M32_4370_Z3703_63202-1000 | J17: =LEFT(D17,3)&"_"&LEFT(E17,3)&"_"&LEFT(F17,4)&"_"&LEFT(G17,5)&"_"&LEFT(H17,5) -> J32_M32_4370_Z3703_63202 | K17: =LEFT(H17,10) -> 63202-1000 | L17: =IFERROR(VLOOKUP($J17,[2]OPEX!$H:$AM,L$2,FALSE),"-") -> Sport Dep | M17: =IFERROR(VLOOKUP($J17,[2]OPEX!$H:$AM,M$2,FALSE),"-") -> C+Sport | N17: =IFERROR(VLOOKUP($J17,[2]OPEX!$H:$AM,N$2,FALSE),"-") -> Liga+ | O17: =IFERROR(VLOOKUP($J17,[2]OPEX!$H:$AM,O$2,FALSE),"-") -> Pprod-Editing | P17: =IFERROR(VLOOKUP($J17,[2]OPEX!$H:$AM,P$2,FALSE),"-") -> PS1S0M0IL3 | Q17: =IFERROR(VLOOKUP($J17,[2]OPEX!$H:$AM,Q$2,FALSE),"-") -> C+Sport Mag Liga+ Postprod | R17: =S17 -> PRODUKCJA – MONTAŻ/WIDEO/MIKS/AUDIO | S17: =IFERROR(VLOOKUP($J17,[2]OPEX!$H:$AM,S$2,FALSE),"-") -> PRODUKCJA – MONTAŻ/WIDEO/MIKS/AUDIO | T17: =IFERROR(VLOOKUP($J17,[2]OPEX!$H:$AM,T$2,FALSE),"-") | U17: =IFERROR(VLOOKUP($J17,[2]OPEX!$H:$AM,U$2,FALSE),"-") | V17: =IFERROR(VLOOKUP($J17,[2]OPEX!$H:$AM,V$2,FALSE),"-") | W17: =IFERROR(VLOOKUP($J17,[2]OPEX!$H:$AM,W$2,FALSE),"-") | X17: =IFERROR(VLOOKUP($J17,[2]OPEX!$H:$AM,X$2,FALSE),"-") | Y17: =IFERROR(VLOOKUP($J17,[2]OPEX!$H:$AM,Y$2,FALSE),"-") | Z17: =IFERROR(VLOOKUP($J17,[2]OPEX!$H:$AM,Z$2,FALSE),"-") | ... AD17: =IFERROR(VLOOKUP($J17,[2]OPEX!$H:$AM,AD$2,FALSE),"-") | AF17: =VLOOKUP(J17,[3]BU_COSTS!$C:$C,1,FALSE) -> J32_M32_4370_Z3703_63202
A18: Liga+Extra | B18: 5010000 D02 K13 RK528 AN00207 | C18: 5010000_D02_K13_RK528_AN00207 | D18: J32_CANAL+ SPORT | E18: M32_CANAL+ SPORT | F18: 4370_MAGAZINES | G18: Z3702_LIGA+ EXTRA | H18: 63202-1000_Koszty redakcji - umowy cywilno-prawne | I18: =LEFT(D18,3)&"_"&LEFT(E18,3)&"_"&LEFT(F18,4)&"_"&LEFT(G18,5)&"_"&LEFT(H18,10) -> J32_M32_4370_Z3702_63202-1000 | J18: =LEFT(D18,3)&"_"&LEFT(E18,3)&"_"&LEFT(F18,4)&"_"&LEFT(G18,5)&"_"&LEFT(H18,5) -> J32_M32_4370_Z3702_63202 | K18: =LEFT(H18,10) -> 63202-1000 | L18: =IFERROR(VLOOKUP($J18,[2]OPEX!$H:$AM,L$2,FALSE),"-") -> Sport Dep | M18: =IFERROR(VLOOKUP($J18,[2]OPEX!$H:$AM,M$2,FALSE),"-") -> C+Sport | N18: =IFERROR(VLOOKUP($J18,[2]OPEX!$H:$AM,N$2,FALSE),"-") -> L+Extra | O18: =IFERROR(VLOOKUP($J18,[2]OPEX!$H:$AM,O$2,FALSE),"-") -> Pprod-Editing | P18: =IFERROR(VLOOKUP($J18,[2]OPEX!$H:$AM,P$2,FALSE),"-") -> PS1S0M0JK3 | Q18: =IFERROR(VLOOKUP($J18,[2]OPEX!$H:$AM,Q$2,FALSE),"-") -> C+Sport Mag L+Extra Postprod | R18: =S18 -> PRODUKCJA – MONTAŻ/WIDEO/MIKS/AUDIO | S18: =IFERROR(VLOOKUP($J18,[2]OPEX!$H:$AM,S$2,FALSE),"-") -> PRODUKCJA – MONTAŻ/WIDEO/MIKS/AUDIO | T18: =IFERROR(VLOOKUP($J18,[2]OPEX!$H:$AM,T$2,FALSE),"-") | U18: =IFERROR(VLOOKUP($J18,[2]OPEX!$H:$AM,U$2,FALSE),"-") | V18: =IFERROR(VLOOKUP($J18,[2]OPEX!$H:$AM,V$2,FALSE),"-") | W18: =IFERROR(VLOOKUP($J18,[2]OPEX!$H:$AM,W$2,FALSE),"-") | X18: =IFERROR(VLOOKUP($J18,[2]OPEX!$H:$AM,X$2,FALSE),"-") | Y18: =IFERROR(VLOOKUP($J18,[2]OPEX!$H:$AM,Y$2,FALSE),"-") | Z18: =IFERROR(VLOOKUP($J18,[2]OPEX!$H:$AM,Z$2,FALSE),"-") | ... AD18: =IFERROR(VLOOKUP($J18,[2]OPEX!$H:$AM,AD$2,FALSE),"-") | AF18: =VLOOKUP(J18,[3]BU_COSTS!$C:$C,1,FALSE) -> J32_M32_4370_Z3702_63202
A19: Magazyn 1 Ligi zużlowej | B19: 5010000 D02 K13 RK535 AN00207 | C19: 5010000_D02_K13_RK535_AN00207 | D19: J32_CANAL+ SPORT | E19: M32_CANAL+ SPORT | F19: 4370_MAGAZINES | G19: Z3724_Magazyn 1 Ligi | H19: 63202-1000_Koszty redakcji - umowy cywilno-prawne | I19: =LEFT(D19,3)&"_"&LEFT(E19,3)&"_"&LEFT(F19,4)&"_"&LEFT(G19,5)&"_"&LEFT(H19,10) -> J32_M32_4370_Z3724_63202-1000 | J19: =LEFT(D19,3)&"_"&LEFT(E19,3)&"_"&LEFT(F19,4)&"_"&LEFT(G19,5)&"_"&LEFT(H19,5) -> J32_M32_4370_Z3724_63202 | K19: =LEFT(H19,10) -> 63202-1000 | L19: =IFERROR(VLOOKUP($J19,[2]OPEX!$H:$AM,L$2,FALSE),"-") -> Sport Dep | M19: =IFERROR(VLOOKUP($J19,[2]OPEX!$H:$AM,M$2,FALSE),"-") -> C+Sport | N19: =IFERROR(VLOOKUP($J19,[2]OPEX!$H:$AM,N$2,FALSE),"-") -> Mag Speed 2M Ekstraliga | O19: =IFERROR(VLOOKUP($J19,[2]OPEX!$H:$AM,O$2,FALSE),"-") -> Pprod-Editing | P19: =IFERROR(VLOOKUP($J19,[2]OPEX!$H:$AM,P$2,FALSE),"-") -> PS1S0M0KE3 | Q19: =IFERROR(VLOOKUP($J19,[2]OPEX!$H:$AM,Q$2,FALSE),"-") -> C+Sport Mag Speedway 2M Ekstral Postprod | R19: =S19 -> PRODUKCJA – MONTAŻ/WIDEO/MIKS/AUDIO | S19: =IFERROR(VLOOKUP($J19,[2]OPEX!$H:$AM,S$2,FALSE),"-") -> PRODUKCJA – MONTAŻ/WIDEO/MIKS/AUDIO | T19: =IFERROR(VLOOKUP($J19,[2]OPEX!$H:$AM,T$2,FALSE),"-") | U19: =IFERROR(VLOOKUP($J19,[2]OPEX!$H:$AM,U$2,FALSE),"-") | V19: =IFERROR(VLOOKUP($J19,[2]OPEX!$H:$AM,V$2,FALSE),"-") | W19: =IFERROR(VLOOKUP($J19,[2]OPEX!$H:$AM,W$2,FALSE),"-") | X19: =IFERROR(VLOOKUP($J19,[2]OPEX!$H:$AM,X$2,FALSE),"-") | Y19: =IFERROR(VLOOKUP($J19,[2]OPEX!$H:$AM,Y$2,FALSE),"-") | Z19: =IFERROR(VLOOKUP($J19,[2]OPEX!$H:$AM,Z$2,FALSE),"-") | ... AD19: =IFERROR(VLOOKUP($J19,[2]OPEX!$H:$AM,AD$2,FALSE),"-") | AF19: =VLOOKUP(J19,[3]BU_COSTS!$C:$C,1,FALSE) -> J32_M32_4370_Z3724_63202
A20: Magazyn Hola La Liga | B20: 5010000 D02 K13 RK641 AN00207 | C20: 5010000_D02_K13_RK641_AN00207 | D20: J32_CANAL+ SPORT | E20: M32_CANAL+ SPORT | F20: 4370_MAGAZINES | G20: Z3706_HOLA LA LIGA | H20: 63202-1000_Koszty redakcji - umowy cywilno-prawne | I20: =LEFT(D20,3)&"_"&LEFT(E20,3)&"_"&LEFT(F20,4)&"_"&LEFT(G20,5)&"_"&LEFT(H20,10) -> J32_M32_4370_Z3706_63202-1000 | J20: =LEFT(D20,3)&"_"&LEFT(E20,3)&"_"&LEFT(F20,4)&"_"&LEFT(G20,5)&"_"&LEFT(H20,5) -> J32_M32_4370_Z3706_63202 | K20: =LEFT(H20,10) -> 63202-1000 | L20: =IFERROR(VLOOKUP($J20,[2]OPEX!$H:$AM,L$2,FALSE),"-") -> Sport Dep | M20: =IFERROR(VLOOKUP($J20,[2]OPEX!$H:$AM,M$2,FALSE),"-") -> C+Sport | N20: =IFERROR(VLOOKUP($J20,[2]OPEX!$H:$AM,N$2,FALSE),"-") -> Old Magazines | O20: =IFERROR(VLOOKUP($J20,[2]OPEX!$H:$AM,O$2,FALSE),"-") -> Pprod-Editing | P20: =IFERROR(VLOOKUP($J20,[2]OPEX!$H:$AM,P$2,FALSE),"-") -> PS1S0M0G13 | Q20: =IFERROR(VLOOKUP($J20,[2]OPEX!$H:$AM,Q$2,FALSE),"-") -> C+Sport Maga Old Postprod | R20: =S20 | S20: =IFERROR(VLOOKUP($J20,[2]OPEX!$H:$AM,S$2,FALSE),"-") | T20: =IFERROR(VLOOKUP($J20,[2]OPEX!$H:$AM,T$2,FALSE),"-") | U20: =IFERROR(VLOOKUP($J20,[2]OPEX!$H:$AM,U$2,FALSE),"-") | V20: =IFERROR(VLOOKUP($J20,[2]OPEX!$H:$AM,V$2,FALSE),"-") | W20: =IFERROR(VLOOKUP($J20,[2]OPEX!$H:$AM,W$2,FALSE),"-") | X20: =IFERROR(VLOOKUP($J20,[2]OPEX!$H:$AM,X$2,FALSE),"-") | Y20: =IFERROR(VLOOKUP($J20,[2]OPEX!$H:$AM,Y$2,FALSE),"-") | Z20: =IFERROR(VLOOKUP($J20,[2]OPEX!$H:$AM,Z$2,FALSE),"-") | ... AD20: =IFERROR(VLOOKUP($J20,[2]OPEX!$H:$AM,AD$2,FALSE),"-") | AF20: =VLOOKUP(J20,[3]BU_COSTS!$C:$C,1,FALSE) -> J32_M32_4370_Z3706_63202
A21: Magazyn LALIGA (Kroniki; World; Show) | D21: J32_CANAL+ SPORT | E21: M32_CANAL+ SPORT | F21: 4370_MAGAZINES | G21: Z3710_SPORT+ | H21: 63202-1000_Koszty redakcji - umowy cywilno-prawne | I21: =LEFT(D21,3)&"_"&LEFT(E21,3)&"_"&LEFT(F21,4)&"_"&LEFT(G21,5)&"_"&LEFT(H21,10) -> J32_M32_4370_Z3710_63202-1000 | J21: =LEFT(D21,3)&"_"&LEFT(E21,3)&"_"&LEFT(F21,4)&"_"&LEFT(G21,5)&"_"&LEFT(H21,5) -> J32_M32_4370_Z3710_63202 | K21: =LEFT(H21,10) -> 63202-1000 | L21: =IFERROR(VLOOKUP($J21,[2]OPEX!$H:$AM,L$2,FALSE),"-") -> Sport Dep | M21: =IFERROR(VLOOKUP($J21,[2]OPEX!$H:$AM,M$2,FALSE),"-") -> C+Sport | N21: =IFERROR(VLOOKUP($J21,[2]OPEX!$H:$AM,N$2,FALSE),"-") -> Sport+ | O21: =IFERROR(VLOOKUP($J21,[2]OPEX!$H:$AM,O$2,FALSE),"-") -> Pprod-Editing | P21: =IFERROR(VLOOKUP($J21,[2]OPEX!$H:$AM,P$2,FALSE),"-") -> PS1S0M0RP3 | Q21: =IFERROR(VLOOKUP($J21,[2]OPEX!$H:$AM,Q$2,FALSE),"-") -> C+Sport Mag Sport+ Postprod | R21: =S21 -> PRODUKCJA – MONTAŻ/WIDEO/MIKS/AUDIO | S21: =IFERROR(VLOOKUP($J21,[2]OPEX!$H:$AM,S$2,FALSE),"-") -> PRODUKCJA – MONTAŻ/WIDEO/MIKS/AUDIO | T21: =IFERROR(VLOOKUP($J21,[2]OPEX!$H:$AM,T$2,FALSE),"-") | U21: =IFERROR(VLOOKUP($J21,[2]OPEX!$H:$AM,U$2,FALSE),"-") | V21: =IFERROR(VLOOKUP($J21,[2]OPEX!$H:$AM,V$2,FALSE),"-") | W21: =IFERROR(VLOOKUP($J21,[2]OPEX!$H:$AM,W$2,FALSE),"-") | X21: =IFERROR(VLOOKUP($J21,[2]OPEX!$H:$AM,X$2,FALSE),"-") | Y21: =IFERROR(VLOOKUP($J21,[2]OPEX!$H:$AM,Y$2,FALSE),"-") | Z21: =IFERROR(VLOOKUP($J21,[2]OPEX!$H:$AM,Z$2,FALSE),"-") | ... AD21: =IFERROR(VLOOKUP($J21,[2]OPEX!$H:$AM,AD$2,FALSE),"-") | AF21: =VLOOKUP(J21,[3]BU_COSTS!$C:$C,1,FALSE) -> J32_M32_4370_Z3710_63202
A22: Magazyn Lig Zagranicznych | B22: BRAK | C22: 5010000_D02_K13_RK508_AN00207 | D22: J32_CANAL+ SPORT | E22: M32_CANAL+ SPORT | F22: 4370_MAGAZINES | G22: Z3704_MAGAZYN LIG ZAGRANICZNYCH | H22: 63202-1000_Koszty redakcji - umowy cywilno-prawne | I22: =LEFT(D22,3)&"_"&LEFT(E22,3)&"_"&LEFT(F22,4)&"_"&LEFT(G22,5)&"_"&LEFT(H22,10) -> J32_M32_4370_Z3704_63202-1000 | J22: =LEFT(D22,3)&"_"&LEFT(E22,3)&"_"&LEFT(F22,4)&"_"&LEFT(G22,5)&"_"&LEFT(H22,5) -> J32_M32_4370_Z3704_63202 | K22: =LEFT(H22,10) -> 63202-1000 | L22: =IFERROR(VLOOKUP($J22,[2]OPEX!$H:$AM,L$2,FALSE),"-") -> Sport Dep | M22: =IFERROR(VLOOKUP($J22,[2]OPEX!$H:$AM,M$2,FALSE),"-") -> C+Sport | N22: =IFERROR(VLOOKUP($J22,[2]OPEX!$H:$AM,N$2,FALSE),"-") -> Mag Lig Zagranicznych | O22: =IFERROR(VLOOKUP($J22,[2]OPEX!$H:$AM,O$2,FALSE),"-") -> Pprod-Editing | P22: =IFERROR(VLOOKUP($J22,[2]OPEX!$H:$AM,P$2,FALSE),"-") -> PS1S0M0MZ3 | Q22: =IFERROR(VLOOKUP($J22,[2]OPEX!$H:$AM,Q$2,FALSE),"-") -> C+Sport Mag Lig Zagr Postprod | R22: =S22 -> PRODUKCJA – MONTAŻ/WIDEO/MIKS/AUDIO | S22: =IFERROR(VLOOKUP($J22,[2]OPEX!$H:$AM,S$2,FALSE),"-") -> PRODUKCJA – MONTAŻ/WIDEO/MIKS/AUDIO | T22: =IFERROR(VLOOKUP($J22,[2]OPEX!$H:$AM,T$2,FALSE),"-") | U22: =IFERROR(VLOOKUP($J22,[2]OPEX!$H:$AM,U$2,FALSE),"-") | V22: =IFERROR(VLOOKUP($J22,[2]OPEX!$H:$AM,V$2,FALSE),"-") | W22: =IFERROR(VLOOKUP($J22,[2]OPEX!$H:$AM,W$2,FALSE),"-") | X22: =IFERROR(VLOOKUP($J22,[2]OPEX!$H:$AM,X$2,FALSE),"-") | Y22: =IFERROR(VLOOKUP($J22,[2]OPEX!$H:$AM,Y$2,FALSE),"-") | Z22: =IFERROR(VLOOKUP($J22,[2]OPEX!$H:$AM,Z$2,FALSE),"-") | ... AD22: =IFERROR(VLOOKUP($J22,[2]OPEX!$H:$AM,AD$2,FALSE),"-") | AF22: =VLOOKUP(J22,[3]BU_COSTS!$C:$C,1,FALSE) -> J32_M32_4370_Z3704_63202
A23: Magazyn PGE Ekstraligi | B23: 5010000 D02 K13 RK515 AN00207 | C23: 5010000_D02_K13_RK515_AN00207 | D23: J32_CANAL+ SPORT | E23: M32_CANAL+ SPORT | F23: 4370_MAGAZINES | G23: Z3721_MAGAZYN ENEA EKSTRALIGI | H23: 63202-1000_Koszty redakcji - umowy cywilno-prawne | I23: =LEFT(D23,3)&"_"&LEFT(E23,3)&"_"&LEFT(F23,4)&"_"&LEFT(G23,5)&"_"&LEFT(H23,10) -> J32_M32_4370_Z3721_63202-1000 | J23: =LEFT(D23,3)&"_"&LEFT(E23,3)&"_"&LEFT(F23,4)&"_"&LEFT(G23,5)&"_"&LEFT(H23,5) -> J32_M32_4370_Z3721_63202 | K23: =LEFT(H23,10) -> 63202-1000 | L23: =IFERROR(VLOOKUP($J23,[2]OPEX!$H:$AM,L$2,FALSE),"-") -> Sport Dep | M23: =IFERROR(VLOOKUP($J23,[2]OPEX!$H:$AM,M$2,FALSE),"-") -> C+Sport | N23: =IFERROR(VLOOKUP($J23,[2]OPEX!$H:$AM,N$2,FALSE),"-") -> Mag Speed Ekstraliga | O23: =IFERROR(VLOOKUP($J23,[2]OPEX!$H:$AM,O$2,FALSE),"-") -> Pprod-Editing | P23: =IFERROR(VLOOKUP($J23,[2]OPEX!$H:$AM,P$2,FALSE),"-") -> PS1S0M0LL3 | Q23: =IFERROR(VLOOKUP($J23,[2]OPEX!$H:$AM,Q$2,FALSE),"-") -> C+Sport Mag Speedway Ekstraligi Postprod | R23: =S23 -> PRODUKCJA – MONTAŻ/WIDEO/MIKS/AUDIO | S23: =IFERROR(VLOOKUP($J23,[2]OPEX!$H:$AM,S$2,FALSE),"-") -> PRODUKCJA – MONTAŻ/WIDEO/MIKS/AUDIO | T23: =IFERROR(VLOOKUP($J23,[2]OPEX!$H:$AM,T$2,FALSE),"-") | U23: =IFERROR(VLOOKUP($J23,[2]OPEX!$H:$AM,U$2,FALSE),"-") | V23: =IFERROR(VLOOKUP($J23,[2]OPEX!$H:$AM,V$2,FALSE),"-") | W23: =IFERROR(VLOOKUP($J23,[2]OPEX!$H:$AM,W$2,FALSE),"-") | X23: =IFERROR(VLOOKUP($J23,[2]OPEX!$H:$AM,X$2,FALSE),"-") | Y23: =IFERROR(VLOOKUP($J23,[2]OPEX!$H:$AM,Y$2,FALSE),"-") | Z23: =IFERROR(VLOOKUP($J23,[2]OPEX!$H:$AM,Z$2,FALSE),"-") | ... AD23: =IFERROR(VLOOKUP($J23,[2]OPEX!$H:$AM,AD$2,FALSE),"-") | AF23: =VLOOKUP(J23,[3]BU_COSTS!$C:$C,1,FALSE) -> J32_M32_4370_Z3721_63202
A24: Odprawa Przedmeczowa | D24: J32_CANAL+ SPORT | E24: M32_CANAL+ SPORT | F24: 4370_MAGAZINES | G24: Z3713_ON LINE | H24: 63202-1000_Koszty redakcji - umowy cywilno-prawne | I24: =LEFT(D24,3)&"_"&LEFT(E24,3)&"_"&LEFT(F24,4)&"_"&LEFT(G24,5)&"_"&LEFT(H24,10) -> J32_M32_4370_Z3713_63202-1000 | J24: =LEFT(D24,3)&"_"&LEFT(E24,3)&"_"&LEFT(F24,4)&"_"&LEFT(G24,5)&"_"&LEFT(H24,5) -> J32_M32_4370_Z3713_63202 | K24: =LEFT(H24,10) -> 63202-1000 | L24: =IFERROR(VLOOKUP($J24,[2]OPEX!$H:$AM,L$2,FALSE),"-") -> Sport Dep | M24: =IFERROR(VLOOKUP($J24,[2]OPEX!$H:$AM,M$2,FALSE),"-") -> C+Sport | N24: =IFERROR(VLOOKUP($J24,[2]OPEX!$H:$AM,N$2,FALSE),"-") -> Digital media | O24: =IFERROR(VLOOKUP($J24,[2]OPEX!$H:$AM,O$2,FALSE),"-") -> Pprod-Editing | P24: =IFERROR(VLOOKUP($J24,[2]OPEX!$H:$AM,P$2,FALSE),"-") -> PS1S0M0NG3 | Q24: =IFERROR(VLOOKUP($J24,[2]OPEX!$H:$AM,Q$2,FALSE),"-") -> C+Sport Mag Digital Postprod | R24: =S24 -> PRODUKCJA – MONTAŻ/WIDEO/MIKS/AUDIO | S24: =IFERROR(VLOOKUP($J24,[2]OPEX!$H:$AM,S$2,FALSE),"-") -> PRODUKCJA – MONTAŻ/WIDEO/MIKS/AUDIO | T24: =IFERROR(VLOOKUP($J24,[2]OPEX!$H:$AM,T$2,FALSE),"-") | U24: =IFERROR(VLOOKUP($J24,[2]OPEX!$H:$AM,U$2,FALSE),"-") | V24: =IFERROR(VLOOKUP($J24,[2]OPEX!$H:$AM,V$2,FALSE),"-") | W24: =IFERROR(VLOOKUP($J24,[2]OPEX!$H:$AM,W$2,FALSE),"-") | X24: =IFERROR(VLOOKUP($J24,[2]OPEX!$H:$AM,X$2,FALSE),"-") | Y24: =IFERROR(VLOOKUP($J24,[2]OPEX!$H:$AM,Y$2,FALSE),"-") | Z24: =IFERROR(VLOOKUP($J24,[2]OPEX!$H:$AM,Z$2,FALSE),"-") | ... AD24: =IFERROR(VLOOKUP($J24,[2]OPEX!$H:$AM,AD$2,FALSE),"-") | AF24: =VLOOKUP(J24,[3]BU_COSTS!$C:$C,1,FALSE) -> J32_M32_4370_Z3713_63202
A25: Padel | D25: J32_CANAL+ SPORT | E25: M32_CANAL+ SPORT | F25: 4369_OTHER SPORTS | G25: Z3696_EVENTS-SPORT POZOSTAŁE | H25: 63202-1000_Koszty redakcji - umowy cywilno-prawne | I25: =LEFT(D25,3)&"_"&LEFT(E25,3)&"_"&LEFT(F25,4)&"_"&LEFT(G25,5)&"_"&LEFT(H25,10) -> J32_M32_4369_Z3696_63202-1000 | J25: =LEFT(D25,3)&"_"&LEFT(E25,3)&"_"&LEFT(F25,4)&"_"&LEFT(G25,5)&"_"&LEFT(H25,5) -> J32_M32_4369_Z3696_63202 | K25: =LEFT(H25,10) -> 63202-1000 | L25: =IFERROR(VLOOKUP($J25,[2]OPEX!$H:$AM,L$2,FALSE),"-") -> Sport Dep | M25: =IFERROR(VLOOKUP($J25,[2]OPEX!$H:$AM,M$2,FALSE),"-") -> C+Sport | N25: =IFERROR(VLOOKUP($J25,[2]OPEX!$H:$AM,N$2,FALSE),"-") -> Other sport events | O25: =IFERROR(VLOOKUP($J25,[2]OPEX!$H:$AM,O$2,FALSE),"-") -> Pprod-Editing | P25: =IFERROR(VLOOKUP($J25,[2]OPEX!$H:$AM,P$2,FALSE),"-") -> PS1S0M10V3 | Q25: =IFERROR(VLOOKUP($J25,[2]OPEX!$H:$AM,Q$2,FALSE),"-") -> C+Sport Other Sports events Postprod | R25: =S25 -> PRODUKCJA – MONTAŻ/WIDEO/MIKS/AUDIO | S25: =IFERROR(VLOOKUP($J25,[2]OPEX!$H:$AM,S$2,FALSE),"-") -> PRODUKCJA – MONTAŻ/WIDEO/MIKS/AUDIO | T25: =IFERROR(VLOOKUP($J25,[2]OPEX!$H:$AM,T$2,FALSE),"-") | U25: =IFERROR(VLOOKUP($J25,[2]OPEX!$H:$AM,U$2,FALSE),"-") | V25: =IFERROR(VLOOKUP($J25,[2]OPEX!$H:$AM,V$2,FALSE),"-") | W25: =IFERROR(VLOOKUP($J25,[2]OPEX!$H:$AM,W$2,FALSE),"-") | X25: =IFERROR(VLOOKUP($J25,[2]OPEX!$H:$AM,X$2,FALSE),"-") | Y25: =IFERROR(VLOOKUP($J25,[2]OPEX!$H:$AM,Y$2,FALSE),"-") | Z25: =IFERROR(VLOOKUP($J25,[2]OPEX!$H:$AM,Z$2,FALSE),"-") | ... AD25: =IFERROR(VLOOKUP($J25,[2]OPEX!$H:$AM,AD$2,FALSE),"-") | AF25: =VLOOKUP(J25,[3]BU_COSTS!$C:$C,1,FALSE) -> J32_M32_4369_Z3696_63202
A26: Padel HOLANDIA | D26: J22_TV TECHNOLOGY | E26: M02_EXTERNAL MARKETS | F26: 4377_M7_PLAYOUT_LIVE | G26: Z9174_M7_NETHERLANDS | H26: 63202-1000_Koszty redakcji - umowy cywilno-prawne | I26: =LEFT(D26,3)&"_"&LEFT(E26,3)&"_"&LEFT(F26,4)&"_"&LEFT(G26,5)&"_"&LEFT(H26,10) -> J22_M02_4377_Z9174_63202-1000 | J26: =LEFT(D26,3)&"_"&LEFT(E26,3)&"_"&LEFT(F26,4)&"_"&LEFT(G26,5)&"_"&LEFT(H26,5) -> J22_M02_4377_Z9174_63202 | K26: =LEFT(H26,10) -> 63202-1000 | L26: Headend&MAM Dep | M26: Group Services | N26: M7/ACTION/NL | O26: Production | P26: PT2X0XANS3 | Q26: M7 NL PRODUCTION COST E | R26: PRACOWNICY TYMCZASOWI | S26: PRACOWNICY TYMCZASOWI | T26: USŁUGI PRODUKCYJNE ZEWNĘTRZNE | U26: =IFERROR(VLOOKUP($J26,[2]OPEX!$H:$AM,U$2,FALSE),"-") -> - | V26: =IFERROR(VLOOKUP($J26,[2]OPEX!$H:$AM,V$2,FALSE),"-") -> - | W26: =IFERROR(VLOOKUP($J26,[2]OPEX!$H:$AM,W$2,FALSE),"-") -> - | X26: =IFERROR(VLOOKUP($J26,[2]OPEX!$H:$AM,X$2,FALSE),"-") -> - | Y26: =IFERROR(VLOOKUP($J26,[2]OPEX!$H:$AM,Y$2,FALSE),"-") -> - | Z26: =IFERROR(VLOOKUP($J26,[2]OPEX!$H:$AM,Z$2,FALSE),"-") -> - | AA26: =IFERROR(VLOOKUP($J26,[2]OPEX!$H:$AM,AA$2,FALSE),"-") -> - | AB26: =IFERROR(VLOOKUP($J26,[2]OPEX!$H:$AM,AB$2,FALSE),"-") -> - | ... AD26: =IFERROR(VLOOKUP($J26,[2]OPEX!$H:$AM,AD$2,FALSE),"-") -> - | AF26: =VLOOKUP(J26,[3]BU_COSTS!$C:$C,1,FALSE) -> #N/A
A27: Reportaże | B27: 5010000 D02 K13 RK515 AN00207 | C27: 5010000_D02_K13_RK515_AN00207 | D27: J32_CANAL+ SPORT | E27: M32_CANAL+ SPORT | F27: 4370_MAGAZINES | G27: Z3707_REPORTAGES | H27: 63202-1000_Koszty redakcji - umowy cywilno-prawne | I27: =LEFT(D27,3)&"_"&LEFT(E27,3)&"_"&LEFT(F27,4)&"_"&LEFT(G27,5)&"_"&LEFT(H27,10) -> J32_M32_4370_Z3707_63202-1000 | J27: =LEFT(D27,3)&"_"&LEFT(E27,3)&"_"&LEFT(F27,4)&"_"&LEFT(G27,5)&"_"&LEFT(H27,5) -> J32_M32_4370_Z3707_63202 | K27: =LEFT(H27,10) -> 63202-1000 | L27: =IFERROR(VLOOKUP($J27,[2]OPEX!$H:$AM,L$2,FALSE),"-") -> Sport Dep | M27: =IFERROR(VLOOKUP($J27,[2]OPEX!$H:$AM,M$2,FALSE),"-") -> C+Sport | N27: =IFERROR(VLOOKUP($J27,[2]OPEX!$H:$AM,N$2,FALSE),"-") -> Reportages | O27: =IFERROR(VLOOKUP($J27,[2]OPEX!$H:$AM,O$2,FALSE),"-") -> Pprod-Editing | P27: =IFERROR(VLOOKUP($J27,[2]OPEX!$H:$AM,P$2,FALSE),"-") -> PS1S0M0PP3 | Q27: =IFERROR(VLOOKUP($J27,[2]OPEX!$H:$AM,Q$2,FALSE),"-") -> C+Sport Mag Reportages Postprod | R27: =S27 -> PRODUKCJA – MONTAŻ/WIDEO/MIKS/AUDIO | S27: =IFERROR(VLOOKUP($J27,[2]OPEX!$H:$AM,S$2,FALSE),"-") -> PRODUKCJA – MONTAŻ/WIDEO/MIKS/AUDIO | T27: =IFERROR(VLOOKUP($J27,[2]OPEX!$H:$AM,T$2,FALSE),"-") | U27: =IFERROR(VLOOKUP($J27,[2]OPEX!$H:$AM,U$2,FALSE),"-") | V27: =IFERROR(VLOOKUP($J27,[2]OPEX!$H:$AM,V$2,FALSE),"-") | W27: =IFERROR(VLOOKUP($J27,[2]OPEX!$H:$AM,W$2,FALSE),"-") | X27: =IFERROR(VLOOKUP($J27,[2]OPEX!$H:$AM,X$2,FALSE),"-") | Y27: =IFERROR(VLOOKUP($J27,[2]OPEX!$H:$AM,Y$2,FALSE),"-") | Z27: =IFERROR(VLOOKUP($J27,[2]OPEX!$H:$AM,Z$2,FALSE),"-") | ... AD27: =IFERROR(VLOOKUP($J27,[2]OPEX!$H:$AM,AD$2,FALSE),"-") | AF27: =VLOOKUP(J27,[3]BU_COSTS!$C:$C,1,FALSE) -> J32_M32_4370_Z3707_63202
A28: Rugby CZECHY | D28: J32_CANAL+ SPORT | E28: M02_EXTERNAL MARKETS | F28: 4376_PROJECT WTA/M7 | G28: Z3620 _TENNIS | H28: 63202-1000_Koszty redakcji - umowy cywilno-prawne | I28: =LEFT(D28,3)&"_"&LEFT(E28,3)&"_"&LEFT(F28,4)&"_"&LEFT(G28,5)&"_"&LEFT(H28,10) -> J32_M02_4376_Z3620_63202-1000 | J28: =LEFT(D28,3)&"_"&LEFT(E28,3)&"_"&LEFT(F28,4)&"_"&LEFT(G28,5)&"_"&LEFT(H28,5) -> J32_M02_4376_Z3620_63202 | K28: =LEFT(H28,10) -> 63202-1000 | L28: Sport Dep | M28: Group Services | N28: M7/WTA | O28: Production | P28: PS1X0PWT73 | Q28: Export Services WTA/M7 Production | R28: PRACOWNICY TYMCZASOWI | S28: PRACOWNICY TYMCZASOWI | T28: PRODUKCJA – INNE USŁUGI AUDIOWIZUALNE | U28: USŁUGI PRODUKCYJNE ZEWNĘTRZNE | V28: =IFERROR(VLOOKUP($J28,[2]OPEX!$H:$AM,V$2,FALSE),"-") -> - | W28: =IFERROR(VLOOKUP($J28,[2]OPEX!$H:$AM,W$2,FALSE),"-") -> - | X28: =IFERROR(VLOOKUP($J28,[2]OPEX!$H:$AM,X$2,FALSE),"-") -> - | Y28: =IFERROR(VLOOKUP($J28,[2]OPEX!$H:$AM,Y$2,FALSE),"-") -> - | Z28: =IFERROR(VLOOKUP($J28,[2]OPEX!$H:$AM,Z$2,FALSE),"-") -> - | AA28: =IFERROR(VLOOKUP($J28,[2]OPEX!$H:$AM,AA$2,FALSE),"-") -> - | AB28: =IFERROR(VLOOKUP($J28,[2]OPEX!$H:$AM,AB$2,FALSE),"-") -> - | AC28: =IFERROR(VLOOKUP($J28,[2]OPEX!$H:$AM,AC$2,FALSE),"-") -> - | AD28: =IFERROR(VLOOKUP($J28,[2]OPEX!$H:$AM,AD$2,FALSE),"-") -> - | AF28: =VLOOKUP(J28,[3]BU_COSTS!$C:$C,1,FALSE) -> #N/A
A29: SERIALE SPORTOWE | D29: J32_CANAL+ SPORT | E29: M32_CANAL+ SPORT | F29: 4370_MAGAZINES | G29: Z3707_REPORTAGES | H29: 63202-1000_Koszty redakcji - umowy cywilno-prawne | I29: =LEFT(D29,3)&"_"&LEFT(E29,3)&"_"&LEFT(F29,4)&"_"&LEFT(G29,5)&"_"&LEFT(H29,10) -> J32_M32_4370_Z3707_63202-1000 | J29: =LEFT(D29,3)&"_"&LEFT(E29,3)&"_"&LEFT(F29,4)&"_"&LEFT(G29,5)&"_"&LEFT(H29,5) -> J32_M32_4370_Z3707_63202 | K29: =LEFT(H29,10) -> 63202-1000 | L29: =IFERROR(VLOOKUP($J29,[2]OPEX!$H:$AM,L$2,FALSE),"-") -> Sport Dep | M29: =IFERROR(VLOOKUP($J29,[2]OPEX!$H:$AM,M$2,FALSE),"-") -> C+Sport | N29: =IFERROR(VLOOKUP($J29,[2]OPEX!$H:$AM,N$2,FALSE),"-") -> Reportages | O29: =IFERROR(VLOOKUP($J29,[2]OPEX!$H:$AM,O$2,FALSE),"-") -> Pprod-Editing | P29: =IFERROR(VLOOKUP($J29,[2]OPEX!$H:$AM,P$2,FALSE),"-") -> PS1S0M0PP3 | Q29: =IFERROR(VLOOKUP($J29,[2]OPEX!$H:$AM,Q$2,FALSE),"-") -> C+Sport Mag Reportages Postprod | R29: =S29 -> PRODUKCJA – MONTAŻ/WIDEO/MIKS/AUDIO | S29: =IFERROR(VLOOKUP($J29,[2]OPEX!$H:$AM,S$2,FALSE),"-") -> PRODUKCJA – MONTAŻ/WIDEO/MIKS/AUDIO | T29: =IFERROR(VLOOKUP($J29,[2]OPEX!$H:$AM,T$2,FALSE),"-") | U29: =IFERROR(VLOOKUP($J29,[2]OPEX!$H:$AM,U$2,FALSE),"-") | V29: =IFERROR(VLOOKUP($J29,[2]OPEX!$H:$AM,V$2,FALSE),"-") | W29: =IFERROR(VLOOKUP($J29,[2]OPEX!$H:$AM,W$2,FALSE),"-") | X29: =IFERROR(VLOOKUP($J29,[2]OPEX!$H:$AM,X$2,FALSE),"-") | Y29: =IFERROR(VLOOKUP($J29,[2]OPEX!$H:$AM,Y$2,FALSE),"-") | Z29: =IFERROR(VLOOKUP($J29,[2]OPEX!$H:$AM,Z$2,FALSE),"-") | ... AD29: =IFERROR(VLOOKUP($J29,[2]OPEX!$H:$AM,AD$2,FALSE),"-") | AF29: =VLOOKUP(J29,[3]BU_COSTS!$C:$C,1,FALSE) -> J32_M32_4370_Z3707_63202
A30: Speedway 1 Liga | D30: J32_CANAL+ SPORT | E30: M32_CANAL+ SPORT | F30: 4358_SPEEDWAY | G30: Z3633_1 Liga | H30: 63202-1000_Koszty redakcji - umowy cywilno-prawne | I30: =LEFT(D30,3)&"_"&LEFT(E30,3)&"_"&LEFT(F30,4)&"_"&LEFT(G30,5)&"_"&LEFT(H30,10) -> J32_M32_4358_Z3633_63202-1000 | J30: =LEFT(D30,3)&"_"&LEFT(E30,3)&"_"&LEFT(F30,4)&"_"&LEFT(G30,5)&"_"&LEFT(H30,5) -> J32_M32_4358_Z3633_63202 | K30: =LEFT(H30,10) -> 63202-1000 | L30: =IFERROR(VLOOKUP($J30,[2]OPEX!$H:$AM,L$2,FALSE),"-") -> Sport Dep | M30: =IFERROR(VLOOKUP($J30,[2]OPEX!$H:$AM,M$2,FALSE),"-") -> C+Sport | N30: =IFERROR(VLOOKUP($J30,[2]OPEX!$H:$AM,N$2,FALSE),"-") -> 2M Ekstraliga | O30: =IFERROR(VLOOKUP($J30,[2]OPEX!$H:$AM,O$2,FALSE),"-") -> Pprod-Editing | P30: =IFERROR(VLOOKUP($J30,[2]OPEX!$H:$AM,P$2,FALSE),"-") -> PS1S0M16L3 | Q30: =IFERROR(VLOOKUP($J30,[2]OPEX!$H:$AM,Q$2,FALSE),"-") -> C+Sport Speedway 2M Ekstraliga Postprod | R30: =S30 -> PRODUKCJA – MONTAŻ/WIDEO/MIKS/AUDIO | S30: =IFERROR(VLOOKUP($J30,[2]OPEX!$H:$AM,S$2,FALSE),"-") -> PRODUKCJA – MONTAŻ/WIDEO/MIKS/AUDIO | T30: =IFERROR(VLOOKUP($J30,[2]OPEX!$H:$AM,T$2,FALSE),"-") | U30: =IFERROR(VLOOKUP($J30,[2]OPEX!$H:$AM,U$2,FALSE),"-") | V30: =IFERROR(VLOOKUP($J30,[2]OPEX!$H:$AM,V$2,FALSE),"-") | W30: =IFERROR(VLOOKUP($J30,[2]OPEX!$H:$AM,W$2,FALSE),"-") | X30: =IFERROR(VLOOKUP($J30,[2]OPEX!$H:$AM,X$2,FALSE),"-") | Y30: =IFERROR(VLOOKUP($J30,[2]OPEX!$H:$AM,Y$2,FALSE),"-") | Z30: =IFERROR(VLOOKUP($J30,[2]OPEX!$H:$AM,Z$2,FALSE),"-") | ... AD30: =IFERROR(VLOOKUP($J30,[2]OPEX!$H:$AM,AD$2,FALSE),"-") | AF30: =VLOOKUP(J30,[3]BU_COSTS!$C:$C,1,FALSE) -> J32_M32_4358_Z3633_63202
A31: Speedway Ekstraliga - transmisje live | D31: J32_CANAL+ SPORT | E31: M32_CANAL+ SPORT | F31: 4358_SPEEDWAY | G31: Z3630_SPEEDWAY EKTRALIGA | H31: 63202-1000_Koszty redakcji - umowy cywilno-prawne | I31: =LEFT(D31,3)&"_"&LEFT(E31,3)&"_"&LEFT(F31,4)&"_"&LEFT(G31,5)&"_"&LEFT(H31,10) -> J32_M32_4358_Z3630_63202-1000 | J31: =LEFT(D31,3)&"_"&LEFT(E31,3)&"_"&LEFT(F31,4)&"_"&LEFT(G31,5)&"_"&LEFT(H31,5) -> J32_M32_4358_Z3630_63202 | K31: =LEFT(H31,10) -> 63202-1000 | L31: =IFERROR(VLOOKUP($J31,[2]OPEX!$H:$AM,L$2,FALSE),"-") -> Sport Dep | M31: =IFERROR(VLOOKUP($J31,[2]OPEX!$H:$AM,M$2,FALSE),"-") -> C+Sport | N31: =IFERROR(VLOOKUP($J31,[2]OPEX!$H:$AM,N$2,FALSE),"-") -> Ekstraliga | O31: =IFERROR(VLOOKUP($J31,[2]OPEX!$H:$AM,O$2,FALSE),"-") -> Pprod-Editing | P31: =IFERROR(VLOOKUP($J31,[2]OPEX!$H:$AM,P$2,FALSE),"-") -> PS1S0M18L3 | Q31: =IFERROR(VLOOKUP($J31,[2]OPEX!$H:$AM,Q$2,FALSE),"-") -> C+Sport Speedway Ekstraliga Postprod | R31: =S31 -> PRODUKCJA – MONTAŻ/WIDEO/MIKS/AUDIO | S31: =IFERROR(VLOOKUP($J31,[2]OPEX!$H:$AM,S$2,FALSE),"-") -> PRODUKCJA – MONTAŻ/WIDEO/MIKS/AUDIO | T31: =IFERROR(VLOOKUP($J31,[2]OPEX!$H:$AM,T$2,FALSE),"-") | U31: =IFERROR(VLOOKUP($J31,[2]OPEX!$H:$AM,U$2,FALSE),"-") | V31: =IFERROR(VLOOKUP($J31,[2]OPEX!$H:$AM,V$2,FALSE),"-") | W31: =IFERROR(VLOOKUP($J31,[2]OPEX!$H:$AM,W$2,FALSE),"-") | X31: =IFERROR(VLOOKUP($J31,[2]OPEX!$H:$AM,X$2,FALSE),"-") | Y31: =IFERROR(VLOOKUP($J31,[2]OPEX!$H:$AM,Y$2,FALSE),"-") | Z31: =IFERROR(VLOOKUP($J31,[2]OPEX!$H:$AM,Z$2,FALSE),"-") | ... AD31: =IFERROR(VLOOKUP($J31,[2]OPEX!$H:$AM,AD$2,FALSE),"-") | AF31: =VLOOKUP(J31,[3]BU_COSTS!$C:$C,1,FALSE) -> J32_M32_4358_Z3630_63202
A32: SPORT+ | B32: 5010000 D08 K27 RK616 AN00603 | C32: 5010000_D08_K27_RK616_AN00603 | D32: J32_CANAL+ SPORT | E32: M32_CANAL+ SPORT | F32: 4370_MAGAZINES | G32: Z3710_SPORT+ | H32: 63202-1000_Koszty redakcji - umowy cywilno-prawne | I32: =LEFT(D32,3)&"_"&LEFT(E32,3)&"_"&LEFT(F32,4)&"_"&LEFT(G32,5)&"_"&LEFT(H32,10) -> J32_M32_4370_Z3710_63202-1000 | J32: =LEFT(D32,3)&"_"&LEFT(E32,3)&"_"&LEFT(F32,4)&"_"&LEFT(G32,5)&"_"&LEFT(H32,5) -> J32_M32_4370_Z3710_63202 | K32: =LEFT(H32,10) -> 63202-1000 | L32: =IFERROR(VLOOKUP($J32,[2]OPEX!$H:$AM,L$2,FALSE),"-") -> Sport Dep | M32: =IFERROR(VLOOKUP($J32,[2]OPEX!$H:$AM,M$2,FALSE),"-") -> C+Sport | N32: =IFERROR(VLOOKUP($J32,[2]OPEX!$H:$AM,N$2,FALSE),"-") -> Sport+ | O32: =IFERROR(VLOOKUP($J32,[2]OPEX!$H:$AM,O$2,FALSE),"-") -> Pprod-Editing | P32: =IFERROR(VLOOKUP($J32,[2]OPEX!$H:$AM,P$2,FALSE),"-") -> PS1S0M0RP3 | Q32: =IFERROR(VLOOKUP($J32,[2]OPEX!$H:$AM,Q$2,FALSE),"-") -> C+Sport Mag Sport+ Postprod | R32: =S32 -> PRODUKCJA – MONTAŻ/WIDEO/MIKS/AUDIO | S32: =IFERROR(VLOOKUP($J32,[2]OPEX!$H:$AM,S$2,FALSE),"-") -> PRODUKCJA – MONTAŻ/WIDEO/MIKS/AUDIO | T32: =IFERROR(VLOOKUP($J32,[2]OPEX!$H:$AM,T$2,FALSE),"-") | U32: =IFERROR(VLOOKUP($J32,[2]OPEX!$H:$AM,U$2,FALSE),"-") | V32: =IFERROR(VLOOKUP($J32,[2]OPEX!$H:$AM,V$2,FALSE),"-") | W32: =IFERROR(VLOOKUP($J32,[2]OPEX!$H:$AM,W$2,FALSE),"-") | X32: =IFERROR(VLOOKUP($J32,[2]OPEX!$H:$AM,X$2,FALSE),"-") | Y32: =IFERROR(VLOOKUP($J32,[2]OPEX!$H:$AM,Y$2,FALSE),"-") | Z32: =IFERROR(VLOOKUP($J32,[2]OPEX!$H:$AM,Z$2,FALSE),"-") | ... AD32: =IFERROR(VLOOKUP($J32,[2]OPEX!$H:$AM,AD$2,FALSE),"-") | AF32: =VLOOKUP(J32,[3]BU_COSTS!$C:$C,1,FALSE) -> J32_M32_4370_Z3710_63202
A33: Superpiątek | B33: 5010000 D02 K13 RK529 AN00207 | C33: 5010000_D02_K13_RK529_AN00207 | D33: J32_CANAL+ SPORT | E33: M32_CANAL+ SPORT | F33: 4370_MAGAZINES | G33: Z3709_SUPER PIĄTEK | H33: 63202-1000_Koszty redakcji - umowy cywilno-prawne | I33: =LEFT(D33,3)&"_"&LEFT(E33,3)&"_"&LEFT(F33,4)&"_"&LEFT(G33,5)&"_"&LEFT(H33,10) -> J32_M32_4370_Z3709_63202-1000 | J33: =LEFT(D33,3)&"_"&LEFT(E33,3)&"_"&LEFT(F33,4)&"_"&LEFT(G33,5)&"_"&LEFT(H33,5) -> J32_M32_4370_Z3709_63202 | K33: =LEFT(H33,10) -> 63202-1000 | L33: =IFERROR(VLOOKUP($J33,[2]OPEX!$H:$AM,L$2,FALSE),"-") -> Sport Dep | M33: =IFERROR(VLOOKUP($J33,[2]OPEX!$H:$AM,M$2,FALSE),"-") -> C+Sport | N33: =IFERROR(VLOOKUP($J33,[2]OPEX!$H:$AM,N$2,FALSE),"-") -> Super Piątek | O33: =IFERROR(VLOOKUP($J33,[2]OPEX!$H:$AM,O$2,FALSE),"-") -> Pprod-Editing | P33: =IFERROR(VLOOKUP($J33,[2]OPEX!$H:$AM,P$2,FALSE),"-") -> PS1S0M0ST3 | Q33: =IFERROR(VLOOKUP($J33,[2]OPEX!$H:$AM,Q$2,FALSE),"-") -> C+Sport Mag Super Piątek Postprod | R33: =S33 -> PRODUKCJA – MONTAŻ/WIDEO/MIKS/AUDIO | S33: =IFERROR(VLOOKUP($J33,[2]OPEX!$H:$AM,S$2,FALSE),"-") -> PRODUKCJA – MONTAŻ/WIDEO/MIKS/AUDIO | T33: =IFERROR(VLOOKUP($J33,[2]OPEX!$H:$AM,T$2,FALSE),"-") | U33: =IFERROR(VLOOKUP($J33,[2]OPEX!$H:$AM,U$2,FALSE),"-") | V33: =IFERROR(VLOOKUP($J33,[2]OPEX!$H:$AM,V$2,FALSE),"-") | W33: =IFERROR(VLOOKUP($J33,[2]OPEX!$H:$AM,W$2,FALSE),"-") | X33: =IFERROR(VLOOKUP($J33,[2]OPEX!$H:$AM,X$2,FALSE),"-") | Y33: =IFERROR(VLOOKUP($J33,[2]OPEX!$H:$AM,Y$2,FALSE),"-") | Z33: =IFERROR(VLOOKUP($J33,[2]OPEX!$H:$AM,Z$2,FALSE),"-") | ... AD33: =IFERROR(VLOOKUP($J33,[2]OPEX!$H:$AM,AD$2,FALSE),"-") | AF33: =VLOOKUP(J33,[3]BU_COSTS!$C:$C,1,FALSE) -> J32_M32_4370_Z3709_63202
A34: Tenis CZECHY | D34: J32_CANAL+ SPORT | E34: M02_EXTERNAL MARKETS | F34: 4376_PROJECT WTA/M7 | G34: Z3620 _TENNIS | H34: 63202-1000_Koszty redakcji - umowy cywilno-prawne | I34: =LEFT(D34,3)&"_"&LEFT(E34,3)&"_"&LEFT(F34,4)&"_"&LEFT(G34,5)&"_"&LEFT(H34,10) -> J32_M02_4376_Z3620_63202-1000 | J34: =LEFT(D34,3)&"_"&LEFT(E34,3)&"_"&LEFT(F34,4)&"_"&LEFT(G34,5)&"_"&LEFT(H34,5) -> J32_M02_4376_Z3620_63202 | K34: =LEFT(H34,10) -> 63202-1000 | L34: Sport Dep | M34: Group Services | N34: M7/WTA | O34: Production | P34: PS1X0PWT73 | Q34: Export Services WTA/M7 Production | R34: PRACOWNICY TYMCZASOWI | S34: PRACOWNICY TYMCZASOWI | T34: PRODUKCJA – INNE USŁUGI AUDIOWIZUALNE | U34: USŁUGI PRODUKCYJNE ZEWNĘTRZNE | V34: =IFERROR(VLOOKUP($J34,[2]OPEX!$H:$AM,V$2,FALSE),"-") -> - | W34: =IFERROR(VLOOKUP($J34,[2]OPEX!$H:$AM,W$2,FALSE),"-") -> - | X34: =IFERROR(VLOOKUP($J34,[2]OPEX!$H:$AM,X$2,FALSE),"-") -> - | Y34: =IFERROR(VLOOKUP($J34,[2]OPEX!$H:$AM,Y$2,FALSE),"-") -> - | Z34: =IFERROR(VLOOKUP($J34,[2]OPEX!$H:$AM,Z$2,FALSE),"-") -> - | AA34: =IFERROR(VLOOKUP($J34,[2]OPEX!$H:$AM,AA$2,FALSE),"-") -> - | AB34: =IFERROR(VLOOKUP($J34,[2]OPEX!$H:$AM,AB$2,FALSE),"-") -> - | AC34: =IFERROR(VLOOKUP($J34,[2]OPEX!$H:$AM,AC$2,FALSE),"-") -> - | AD34: =IFERROR(VLOOKUP($J34,[2]OPEX!$H:$AM,AD$2,FALSE),"-") -> - | AF34: =VLOOKUP(J34,[3]BU_COSTS!$C:$C,1,FALSE) -> #N/A
A35: Tenis WTA | D35: J32_CANAL+ SPORT | E35: M32_CANAL+ SPORT | F35: 4369_OTHER SPORTS | G35: Z3620_TENNIS | H35: 63202-1000_Koszty redakcji - umowy cywilno-prawne | I35: =LEFT(D35,3)&"_"&LEFT(E35,3)&"_"&LEFT(F35,4)&"_"&LEFT(G35,5)&"_"&LEFT(H35,10) -> J32_M32_4369_Z3620_63202-1000 | J35: =LEFT(D35,3)&"_"&LEFT(E35,3)&"_"&LEFT(F35,4)&"_"&LEFT(G35,5)&"_"&LEFT(H35,5) -> J32_M32_4369_Z3620_63202 | K35: =LEFT(H35,10) -> 63202-1000 | L35: =IFERROR(VLOOKUP($J35,[2]OPEX!$H:$AM,L$2,FALSE),"-") -> Sport Dep | M35: =IFERROR(VLOOKUP($J35,[2]OPEX!$H:$AM,M$2,FALSE),"-") -> C+Sport | N35: =IFERROR(VLOOKUP($J35,[2]OPEX!$H:$AM,N$2,FALSE),"-") -> WTA | O35: =IFERROR(VLOOKUP($J35,[2]OPEX!$H:$AM,O$2,FALSE),"-") -> Pprod-Editing | P35: =IFERROR(VLOOKUP($J35,[2]OPEX!$H:$AM,P$2,FALSE),"-") -> PS1S0M12A3 | Q35: =IFERROR(VLOOKUP($J35,[2]OPEX!$H:$AM,Q$2,FALSE),"-") -> C+Sport TENNIS Postprod | R35: =S35 -> PRODUKCJA – MONTAŻ/WIDEO/MIKS/AUDIO | S35: =IFERROR(VLOOKUP($J35,[2]OPEX!$H:$AM,S$2,FALSE),"-") -> PRODUKCJA – MONTAŻ/WIDEO/MIKS/AUDIO | T35: =IFERROR(VLOOKUP($J35,[2]OPEX!$H:$AM,T$2,FALSE),"-") | U35: =IFERROR(VLOOKUP($J35,[2]OPEX!$H:$AM,U$2,FALSE),"-") | V35: =IFERROR(VLOOKUP($J35,[2]OPEX!$H:$AM,V$2,FALSE),"-") | W35: =IFERROR(VLOOKUP($J35,[2]OPEX!$H:$AM,W$2,FALSE),"-") | X35: =IFERROR(VLOOKUP($J35,[2]OPEX!$H:$AM,X$2,FALSE),"-") | Y35: =IFERROR(VLOOKUP($J35,[2]OPEX!$H:$AM,Y$2,FALSE),"-") | Z35: =IFERROR(VLOOKUP($J35,[2]OPEX!$H:$AM,Z$2,FALSE),"-") | ... AD35: =IFERROR(VLOOKUP($J35,[2]OPEX!$H:$AM,AD$2,FALSE),"-") | AF35: =VLOOKUP(J35,[3]BU_COSTS!$C:$C,1,FALSE) -> J32_M32_4369_Z3620_63202
A36: Turbokozak | B36: 5010000 D02 K13 RK514 AN00207 | C36: 5010000_D02_K13_RK514_AN00207 | D36: J32_CANAL+ SPORT | E36: M32_CANAL+ SPORT | F36: 4370_MAGAZINES | G36: Z3715_TURBOKOZAK | H36: 63202-1000_Koszty redakcji - umowy cywilno-prawne | I36: =LEFT(D36,3)&"_"&LEFT(E36,3)&"_"&LEFT(F36,4)&"_"&LEFT(G36,5)&"_"&LEFT(H36,10) -> J32_M32_4370_Z3715_63202-1000 | J36: =LEFT(D36,3)&"_"&LEFT(E36,3)&"_"&LEFT(F36,4)&"_"&LEFT(G36,5)&"_"&LEFT(H36,5) -> J32_M32_4370_Z3715_63202 | K36: =LEFT(H36,10) -> 63202-1000 | L36: =IFERROR(VLOOKUP($J36,[2]OPEX!$H:$AM,L$2,FALSE),"-") -> Sport Dep | M36: =IFERROR(VLOOKUP($J36,[2]OPEX!$H:$AM,M$2,FALSE),"-") -> C+Sport | N36: =IFERROR(VLOOKUP($J36,[2]OPEX!$H:$AM,N$2,FALSE),"-") -> Turbokozak | O36: =IFERROR(VLOOKUP($J36,[2]OPEX!$H:$AM,O$2,FALSE),"-") -> Pprod-Editing | P36: =IFERROR(VLOOKUP($J36,[2]OPEX!$H:$AM,P$2,FALSE),"-") -> PS1S0M0TK3 | Q36: =IFERROR(VLOOKUP($J36,[2]OPEX!$H:$AM,Q$2,FALSE),"-") -> C+Sport Mag Turbokozak Postprod | R36: =S36 -> PRODUKCJA – MONTAŻ/WIDEO/MIKS/AUDIO | S36: =IFERROR(VLOOKUP($J36,[2]OPEX!$H:$AM,S$2,FALSE),"-") -> PRODUKCJA – MONTAŻ/WIDEO/MIKS/AUDIO | T36: =IFERROR(VLOOKUP($J36,[2]OPEX!$H:$AM,T$2,FALSE),"-") | U36: =IFERROR(VLOOKUP($J36,[2]OPEX!$H:$AM,U$2,FALSE),"-") | V36: =IFERROR(VLOOKUP($J36,[2]OPEX!$H:$AM,V$2,FALSE),"-") | W36: =IFERROR(VLOOKUP($J36,[2]OPEX!$H:$AM,W$2,FALSE),"-") | X36: =IFERROR(VLOOKUP($J36,[2]OPEX!$H:$AM,X$2,FALSE),"-") | Y36: =IFERROR(VLOOKUP($J36,[2]OPEX!$H:$AM,Y$2,FALSE),"-") | Z36: =IFERROR(VLOOKUP($J36,[2]OPEX!$H:$AM,Z$2,FALSE),"-") | ... AD36: =IFERROR(VLOOKUP($J36,[2]OPEX!$H:$AM,AD$2,FALSE),"-") | AF36: =VLOOKUP(J36,[3]BU_COSTS!$C:$C,1,FALSE) -> J32_M32_4370_Z3715_63202
A37: UEFA Champions League | B37: BRAK | C37: 5010000_D02_K13_RK532_AN00207 | D37: J32_CANAL+ SPORT | E37: M32_CANAL+ SPORT | F37: 4357_FOOTBALL | G37: Z3608_CHAMPIONS LEAGUE | H37: 63202-1000_Koszty redakcji - umowy cywilno-prawne | I37: =LEFT(D37,3)&"_"&LEFT(E37,3)&"_"&LEFT(F37,4)&"_"&LEFT(G37,5)&"_"&LEFT(H37,10) -> J32_M32_4357_Z3608_63202-1000 | J37: =LEFT(D37,3)&"_"&LEFT(E37,3)&"_"&LEFT(F37,4)&"_"&LEFT(G37,5)&"_"&LEFT(H37,5) -> J32_M32_4357_Z3608_63202 | K37: =LEFT(H37,10) -> 63202-1000 | L37: =IFERROR(VLOOKUP($J37,[2]OPEX!$H:$AM,L$2,FALSE),"-") -> Sport Dep | M37: =IFERROR(VLOOKUP($J37,[2]OPEX!$H:$AM,M$2,FALSE),"-") -> C+Sport | N37: =IFERROR(VLOOKUP($J37,[2]OPEX!$H:$AM,N$2,FALSE),"-") -> UEFA CL | O37: =IFERROR(VLOOKUP($J37,[2]OPEX!$H:$AM,O$2,FALSE),"-") -> Pprod-Editing | P37: =IFERROR(VLOOKUP($J37,[2]OPEX!$H:$AM,P$2,FALSE),"-") -> PS1S0M07L3 | Q37: =IFERROR(VLOOKUP($J37,[2]OPEX!$H:$AM,Q$2,FALSE),"-") -> C+Sport Football UEFA CL Postprod | R37: =S37 -> PRODUKCJA – MONTAŻ/WIDEO/MIKS/AUDIO | S37: =IFERROR(VLOOKUP($J37,[2]OPEX!$H:$AM,S$2,FALSE),"-") -> PRODUKCJA – MONTAŻ/WIDEO/MIKS/AUDIO | T37: =IFERROR(VLOOKUP($J37,[2]OPEX!$H:$AM,T$2,FALSE),"-") | U37: =IFERROR(VLOOKUP($J37,[2]OPEX!$H:$AM,U$2,FALSE),"-") | V37: =IFERROR(VLOOKUP($J37,[2]OPEX!$H:$AM,V$2,FALSE),"-") | W37: =IFERROR(VLOOKUP($J37,[2]OPEX!$H:$AM,W$2,FALSE),"-") | X37: =IFERROR(VLOOKUP($J37,[2]OPEX!$H:$AM,X$2,FALSE),"-") | Y37: =IFERROR(VLOOKUP($J37,[2]OPEX!$H:$AM,Y$2,FALSE),"-") | Z37: =IFERROR(VLOOKUP($J37,[2]OPEX!$H:$AM,Z$2,FALSE),"-") | ... AD37: =IFERROR(VLOOKUP($J37,[2]OPEX!$H:$AM,AD$2,FALSE),"-") | AF37: =VLOOKUP(J37,[3]BU_COSTS!$C:$C,1,FALSE) -> J32_M32_4357_Z3608_63202
A38: Wysoki Pressing | B38: 5010000 D02 K13 RK647 AN00207 | C38: 5010000_D02_K13_RK647_AN00207 | D38: J32_CANAL+ SPORT | E38: M32_CANAL+ SPORT | F38: 4370_MAGAZINES | G38: Z3717_WYSOKI PRESSING | H38: 63202-1000_Koszty redakcji - umowy cywilno-prawne | I38: =LEFT(D38,3)&"_"&LEFT(E38,3)&"_"&LEFT(F38,4)&"_"&LEFT(G38,5)&"_"&LEFT(H38,10) -> J32_M32_4370_Z3717_63202-1000 | J38: =LEFT(D38,3)&"_"&LEFT(E38,3)&"_"&LEFT(F38,4)&"_"&LEFT(G38,5)&"_"&LEFT(H38,5) -> J32_M32_4370_Z3717_63202 | K38: =LEFT(H38,10) -> 63202-1000 | L38: =IFERROR(VLOOKUP($J38,[2]OPEX!$H:$AM,L$2,FALSE),"-") -> Sport Dep | M38: =IFERROR(VLOOKUP($J38,[2]OPEX!$H:$AM,M$2,FALSE),"-") -> C+Sport | N38: =IFERROR(VLOOKUP($J38,[2]OPEX!$H:$AM,N$2,FALSE),"-") -> Wysoki Pressing | O38: =IFERROR(VLOOKUP($J38,[2]OPEX!$H:$AM,O$2,FALSE),"-") -> Pprod-Editing | P38: =IFERROR(VLOOKUP($J38,[2]OPEX!$H:$AM,P$2,FALSE),"-") -> PS1S0M0VR3 | Q38: =IFERROR(VLOOKUP($J38,[2]OPEX!$H:$AM,Q$2,FALSE),"-") -> C+Sport Mag Wys.Press Postprod | R38: =S38 -> PRODUKCJA – MONTAŻ/WIDEO/MIKS/AUDIO | S38: =IFERROR(VLOOKUP($J38,[2]OPEX!$H:$AM,S$2,FALSE),"-") -> PRODUKCJA – MONTAŻ/WIDEO/MIKS/AUDIO | T38: =IFERROR(VLOOKUP($J38,[2]OPEX!$H:$AM,T$2,FALSE),"-") | U38: =IFERROR(VLOOKUP($J38,[2]OPEX!$H:$AM,U$2,FALSE),"-") | V38: =IFERROR(VLOOKUP($J38,[2]OPEX!$H:$AM,V$2,FALSE),"-") | W38: =IFERROR(VLOOKUP($J38,[2]OPEX!$H:$AM,W$2,FALSE),"-") | X38: =IFERROR(VLOOKUP($J38,[2]OPEX!$H:$AM,X$2,FALSE),"-") | Y38: =IFERROR(VLOOKUP($J38,[2]OPEX!$H:$AM,Y$2,FALSE),"-") | Z38: =IFERROR(VLOOKUP($J38,[2]OPEX!$H:$AM,Z$2,FALSE),"-") | ... AD38: =IFERROR(VLOOKUP($J38,[2]OPEX!$H:$AM,AD$2,FALSE),"-") | AF38: =VLOOKUP(J38,[3]BU_COSTS!$C:$C,1,FALSE) -> J32_M32_4370_Z3717_63202
A39: YOUTUBE (Piłkarski Młyn; Burza Mózgów; Kolegium Żużlowe) | D39: J32_CANAL+ SPORT | E39: M32_CANAL+ SPORT | F39: 4370_MAGAZINES | G39: Z3713_ON LINE | H39: 63202-1000_Koszty redakcji - umowy cywilno-prawne | I39: =LEFT(D39,3)&"_"&LEFT(E39,3)&"_"&LEFT(F39,4)&"_"&LEFT(G39,5)&"_"&LEFT(H39,10) -> J32_M32_4370_Z3713_63202-1000 | J39: =LEFT(D39,3)&"_"&LEFT(E39,3)&"_"&LEFT(F39,4)&"_"&LEFT(G39,5)&"_"&LEFT(H39,5) -> J32_M32_4370_Z3713_63202 | K39: =LEFT(H39,10) -> 63202-1000 | L39: =IFERROR(VLOOKUP($J39,[2]OPEX!$H:$AM,L$2,FALSE),"-") -> Sport Dep | M39: =IFERROR(VLOOKUP($J39,[2]OPEX!$H:$AM,M$2,FALSE),"-") -> C+Sport | N39: =IFERROR(VLOOKUP($J39,[2]OPEX!$H:$AM,N$2,FALSE),"-") -> Digital media | O39: =IFERROR(VLOOKUP($J39,[2]OPEX!$H:$AM,O$2,FALSE),"-") -> Pprod-Editing | P39: =IFERROR(VLOOKUP($J39,[2]OPEX!$H:$AM,P$2,FALSE),"-") -> PS1S0M0NG3 | Q39: =IFERROR(VLOOKUP($J39,[2]OPEX!$H:$AM,Q$2,FALSE),"-") -> C+Sport Mag Digital Postprod | R39: =S39 -> PRODUKCJA – MONTAŻ/WIDEO/MIKS/AUDIO | S39: =IFERROR(VLOOKUP($J39,[2]OPEX!$H:$AM,S$2,FALSE),"-") -> PRODUKCJA – MONTAŻ/WIDEO/MIKS/AUDIO | T39: =IFERROR(VLOOKUP($J39,[2]OPEX!$H:$AM,T$2,FALSE),"-") | U39: =IFERROR(VLOOKUP($J39,[2]OPEX!$H:$AM,U$2,FALSE),"-") | V39: =IFERROR(VLOOKUP($J39,[2]OPEX!$H:$AM,V$2,FALSE),"-") | W39: =IFERROR(VLOOKUP($J39,[2]OPEX!$H:$AM,W$2,FALSE),"-") | X39: =IFERROR(VLOOKUP($J39,[2]OPEX!$H:$AM,X$2,FALSE),"-") | Y39: =IFERROR(VLOOKUP($J39,[2]OPEX!$H:$AM,Y$2,FALSE),"-") | Z39: =IFERROR(VLOOKUP($J39,[2]OPEX!$H:$AM,Z$2,FALSE),"-") | ... AD39: =IFERROR(VLOOKUP($J39,[2]OPEX!$H:$AM,AD$2,FALSE),"-") | AF39: =VLOOKUP(J39,[3]BU_COSTS!$C:$C,1,FALSE) -> J32_M32_4370_Z3713_63202
A40: Zdarzyło się wczoraj | D40: J32_CANAL+ SPORT | E40: M32_CANAL+ SPORT | F40: 4370_MAGAZINES | G40: Z3712_MAGAZYNY LIGA POLSKA | H40: 63202-1000_Koszty redakcji - umowy cywilno-prawne | I40: =LEFT(D40,3)&"_"&LEFT(E40,3)&"_"&LEFT(F40,4)&"_"&LEFT(G40,5)&"_"&LEFT(H40,10) -> J32_M32_4370_Z3712_63202-1000 | J40: =LEFT(D40,3)&"_"&LEFT(E40,3)&"_"&LEFT(F40,4)&"_"&LEFT(G40,5)&"_"&LEFT(H40,5) -> J32_M32_4370_Z3712_63202 | K40: =LEFT(H40,10) -> 63202-1000 | L40: =IFERROR(VLOOKUP($J40,[2]OPEX!$H:$AM,L$2,FALSE),"-") -> Sport Dep | M40: =IFERROR(VLOOKUP($J40,[2]OPEX!$H:$AM,M$2,FALSE),"-") -> C+Sport | N40: =IFERROR(VLOOKUP($J40,[2]OPEX!$H:$AM,N$2,FALSE),"-") -> Old Magazines | O40: =IFERROR(VLOOKUP($J40,[2]OPEX!$H:$AM,O$2,FALSE),"-") -> Production | P40: =IFERROR(VLOOKUP($J40,[2]OPEX!$H:$AM,P$2,FALSE),"-") -> PS1S0POL13 | Q40: =IFERROR(VLOOKUP($J40,[2]OPEX!$H:$AM,Q$2,FALSE),"-") -> C+Sport Magazines Old Production | R40: =S40 | S40: =IFERROR(VLOOKUP($J40,[2]OPEX!$H:$AM,S$2,FALSE),"-") | T40: =IFERROR(VLOOKUP($J40,[2]OPEX!$H:$AM,T$2,FALSE),"-") | U40: =IFERROR(VLOOKUP($J40,[2]OPEX!$H:$AM,U$2,FALSE),"-") | V40: =IFERROR(VLOOKUP($J40,[2]OPEX!$H:$AM,V$2,FALSE),"-") | W40: =IFERROR(VLOOKUP($J40,[2]OPEX!$H:$AM,W$2,FALSE),"-") | X40: =IFERROR(VLOOKUP($J40,[2]OPEX!$H:$AM,X$2,FALSE),"-") | Y40: =IFERROR(VLOOKUP($J40,[2]OPEX!$H:$AM,Y$2,FALSE),"-") | Z40: =IFERROR(VLOOKUP($J40,[2]OPEX!$H:$AM,Z$2,FALSE),"-") | ... AD40: =IFERROR(VLOOKUP($J40,[2]OPEX!$H:$AM,AD$2,FALSE),"-") | AF40: =VLOOKUP(J40,[3]BU_COSTS!$C:$C,1,FALSE) -> J32_M32_4370_Z3712_63202
A41: NPK KSW | D41: J32_CANAL+ SPORT | E41: M32_CANAL+ SPORT | F41: 4369_OTHER SPORTS | G41: Z3670_KSW | H41: 63202-1000_Koszty redakcji - umowy cywilno-prawne | I41: =LEFT(D41,3)&"_"&LEFT(E41,3)&"_"&LEFT(F41,4)&"_"&LEFT(G41,5)&"_"&LEFT(H41,10) -> J32_M32_4369_Z3670_63202-1000 | J41: =LEFT(D41,3)&"_"&LEFT(E41,3)&"_"&LEFT(F41,4)&"_"&LEFT(G41,5)&"_"&LEFT(H41,5) -> J32_M32_4369_Z3670_63202 | K41: =LEFT(H41,10) -> 63202-1000 | L41: =IFERROR(VLOOKUP($J41,[2]OPEX!$H:$AM,L$2,FALSE),"-") -> Sport Dep | M41: =IFERROR(VLOOKUP($J41,[2]OPEX!$H:$AM,M$2,FALSE),"-") -> C+Sport | N41: =IFERROR(VLOOKUP($J41,[2]OPEX!$H:$AM,N$2,FALSE),"-") -> KSW | O41: =IFERROR(VLOOKUP($J41,[2]OPEX!$H:$AM,O$2,FALSE),"-") -> Pprod-Editing | P41: =IFERROR(VLOOKUP($J41,[2]OPEX!$H:$AM,P$2,FALSE),"-") -> PS1S0M11W3 | Q41: =IFERROR(VLOOKUP($J41,[2]OPEX!$H:$AM,Q$2,FALSE),"-") -> C+Sport Martial Arts Postprod | R41: =S41 -> PRODUKCJA – MONTAŻ/WIDEO/MIKS/AUDIO | S41: =IFERROR(VLOOKUP($J41,[2]OPEX!$H:$AM,S$2,FALSE),"-") -> PRODUKCJA – MONTAŻ/WIDEO/MIKS/AUDIO | T41: =IFERROR(VLOOKUP($J41,[2]OPEX!$H:$AM,T$2,FALSE),"-") | U41: =IFERROR(VLOOKUP($J41,[2]OPEX!$H:$AM,U$2,FALSE),"-") | V41: =IFERROR(VLOOKUP($J41,[2]OPEX!$H:$AM,V$2,FALSE),"-") | W41: =IFERROR(VLOOKUP($J41,[2]OPEX!$H:$AM,W$2,FALSE),"-") | X41: =IFERROR(VLOOKUP($J41,[2]OPEX!$H:$AM,X$2,FALSE),"-") | Y41: =IFERROR(VLOOKUP($J41,[2]OPEX!$H:$AM,Y$2,FALSE),"-") | Z41: =IFERROR(VLOOKUP($J41,[2]OPEX!$H:$AM,Z$2,FALSE),"-") | ... AD41: =IFERROR(VLOOKUP($J41,[2]OPEX!$H:$AM,AD$2,FALSE),"-") | AF41: =VLOOKUP(J41,[3]BU_COSTS!$C:$C,1,FALSE) -> J32_M32_4369_Z3670_63202
A42: SNOOKER | D42: J32_CANAL+ SPORT | E42: M32_CANAL+ SPORT | F42: 4369_OTHER SPORTS | G42: Z3671_DARTS | H42: 63202-1000_Koszty redakcji - umowy cywilno-prawne | I42: =LEFT(D42,3)&"_"&LEFT(E42,3)&"_"&LEFT(F42,4)&"_"&LEFT(G42,5)&"_"&LEFT(H42,10) -> J32_M32_4369_Z3671_63202-1000 | J42: =LEFT(D42,3)&"_"&LEFT(E42,3)&"_"&LEFT(F42,4)&"_"&LEFT(G42,5)&"_"&LEFT(H42,5) -> J32_M32_4369_Z3671_63202 | K42: =LEFT(H42,10) -> 63202-1000 | L42: =IFERROR(VLOOKUP($J42,[2]OPEX!$H:$AM,L$2,FALSE),"-") -> Sport Dep | M42: =IFERROR(VLOOKUP($J42,[2]OPEX!$H:$AM,M$2,FALSE),"-") -> C+Sport | N42: =IFERROR(VLOOKUP($J42,[2]OPEX!$H:$AM,N$2,FALSE),"-") -> Darts | O42: =IFERROR(VLOOKUP($J42,[2]OPEX!$H:$AM,O$2,FALSE),"-") -> Pprod-Editing | P42: =IFERROR(VLOOKUP($J42,[2]OPEX!$H:$AM,P$2,FALSE),"-") -> PS1S0MDAR3 | Q42: =IFERROR(VLOOKUP($J42,[2]OPEX!$H:$AM,Q$2,FALSE),"-") -> C+Sport Other Sports Darts Postprod | R42: =S42 -> PRODUKCJA – MONTAŻ/WIDEO/MIKS/AUDIO | S42: =IFERROR(VLOOKUP($J42,[2]OPEX!$H:$AM,S$2,FALSE),"-") -> PRODUKCJA – MONTAŻ/WIDEO/MIKS/AUDIO | T42: =IFERROR(VLOOKUP($J42,[2]OPEX!$H:$AM,T$2,FALSE),"-") | U42: =IFERROR(VLOOKUP($J42,[2]OPEX!$H:$AM,U$2,FALSE),"-") | V42: =IFERROR(VLOOKUP($J42,[2]OPEX!$H:$AM,V$2,FALSE),"-") | W42: =IFERROR(VLOOKUP($J42,[2]OPEX!$H:$AM,W$2,FALSE),"-") | X42: =IFERROR(VLOOKUP($J42,[2]OPEX!$H:$AM,X$2,FALSE),"-") | Y42: =IFERROR(VLOOKUP($J42,[2]OPEX!$H:$AM,Y$2,FALSE),"-") | Z42: =IFERROR(VLOOKUP($J42,[2]OPEX!$H:$AM,Z$2,FALSE),"-") | ... AD42: =IFERROR(VLOOKUP($J42,[2]OPEX!$H:$AM,AD$2,FALSE),"-") | AF42: =VLOOKUP(J42,[3]BU_COSTS!$C:$C,1,FALSE) -> J32_M32_4369_Z3671_63202
A43: DARTS | D43: J32_CANAL+ SPORT | E43: M32_CANAL+ SPORT | F43: 4369_OTHER SPORTS | G43: Z3671_DARTS | H43: 63202-1000_Koszty redakcji - umowy cywilno-prawne | I43: =LEFT(D43,3)&"_"&LEFT(E43,3)&"_"&LEFT(F43,4)&"_"&LEFT(G43,5)&"_"&LEFT(H43,10) -> J32_M32_4369_Z3671_63202-1000 | J43: =LEFT(D43,3)&"_"&LEFT(E43,3)&"_"&LEFT(F43,4)&"_"&LEFT(G43,5)&"_"&LEFT(H43,5) -> J32_M32_4369_Z3671_63202 | K43: =LEFT(H43,10) -> 63202-1000 | L43: =IFERROR(VLOOKUP($J43,[2]OPEX!$H:$AM,L$2,FALSE),"-") -> Sport Dep | M43: =IFERROR(VLOOKUP($J43,[2]OPEX!$H:$AM,M$2,FALSE),"-") -> C+Sport | N43: =IFERROR(VLOOKUP($J43,[2]OPEX!$H:$AM,N$2,FALSE),"-") -> Darts | O43: =IFERROR(VLOOKUP($J43,[2]OPEX!$H:$AM,O$2,FALSE),"-") -> Pprod-Editing | P43: =IFERROR(VLOOKUP($J43,[2]OPEX!$H:$AM,P$2,FALSE),"-") -> PS1S0MDAR3 | Q43: =IFERROR(VLOOKUP($J43,[2]OPEX!$H:$AM,Q$2,FALSE),"-") -> C+Sport Other Sports Darts Postprod | R43: =S43 -> PRODUKCJA – MONTAŻ/WIDEO/MIKS/AUDIO | S43: =IFERROR(VLOOKUP($J43,[2]OPEX!$H:$AM,S$2,FALSE),"-") -> PRODUKCJA – MONTAŻ/WIDEO/MIKS/AUDIO | T43: =IFERROR(VLOOKUP($J43,[2]OPEX!$H:$AM,T$2,FALSE),"-") | U43: =IFERROR(VLOOKUP($J43,[2]OPEX!$H:$AM,U$2,FALSE),"-") | V43: =IFERROR(VLOOKUP($J43,[2]OPEX!$H:$AM,V$2,FALSE),"-") | W43: =IFERROR(VLOOKUP($J43,[2]OPEX!$H:$AM,W$2,FALSE),"-") | X43: =IFERROR(VLOOKUP($J43,[2]OPEX!$H:$AM,X$2,FALSE),"-") | Y43: =IFERROR(VLOOKUP($J43,[2]OPEX!$H:$AM,Y$2,FALSE),"-") | Z43: =IFERROR(VLOOKUP($J43,[2]OPEX!$H:$AM,Z$2,FALSE),"-") | ... AD43: =IFERROR(VLOOKUP($J43,[2]OPEX!$H:$AM,AD$2,FALSE),"-") | AF43: =VLOOKUP(J43,[3]BU_COSTS!$C:$C,1,FALSE) -> J32_M32_4369_Z3671_63202
A44: GORĄCZKA PIŁKARSKIEJ SOBOTY | D44: J32_CANAL+ SPORT | E44: M32_CANAL+ SPORT | F44: 4370_MAGAZINES | G44: Z3727_Gorączka Piłkarskiej Soboty | H44: 63202-1000_Koszty redakcji - umowy cywilno-prawne | I44: =LEFT(D44,3)&"_"&LEFT(E44,3)&"_"&LEFT(F44,4)&"_"&LEFT(G44,5)&"_"&LEFT(H44,10) -> J32_M32_4370_Z3727_63202-1000 | J44: =LEFT(D44,3)&"_"&LEFT(E44,3)&"_"&LEFT(F44,4)&"_"&LEFT(G44,5)&"_"&LEFT(H44,5) -> J32_M32_4370_Z3727_63202 | K44: =LEFT(H44,10) -> 63202-1000 | L44: Sport Dep | M44: C+Sport | N44: Gor/Piłk/Sob | O44: Pprod-Editing | P44: PS1S0M0ES3 | Q44: C+Sport Mag Gor/Piłk/Sob Postprod | R44: PRODUKCJA – MONTAŻ/WIDEO/MIKS/AUDIO | S44: PRODUKCJA – MONTAŻ/WIDEO/MIKS/AUDIO | T44: =IFERROR(VLOOKUP($J44,[2]OPEX!$H:$AM,T$2,FALSE),"-") | U44: =IFERROR(VLOOKUP($J44,[2]OPEX!$H:$AM,U$2,FALSE),"-") | V44: =IFERROR(VLOOKUP($J44,[2]OPEX!$H:$AM,V$2,FALSE),"-") | W44: =IFERROR(VLOOKUP($J44,[2]OPEX!$H:$AM,W$2,FALSE),"-") | X44: =IFERROR(VLOOKUP($J44,[2]OPEX!$H:$AM,X$2,FALSE),"-") | Y44: =IFERROR(VLOOKUP($J44,[2]OPEX!$H:$AM,Y$2,FALSE),"-") | Z44: =IFERROR(VLOOKUP($J44,[2]OPEX!$H:$AM,Z$2,FALSE),"-") | AA44: =IFERROR(VLOOKUP($J44,[2]OPEX!$H:$AM,AA$2,FALSE),"-") | ... AD44: =IFERROR(VLOOKUP($J44,[2]OPEX!$H:$AM,AD$2,FALSE),"-") | AF44: =VLOOKUP(J44,[3]BU_COSTS!$C:$C,1,FALSE) -> J32_M32_4370_Z3727_63202
A45: SUPER SUNDAY | D45: J32_CANAL+ SPORT | E45: M32_CANAL+ SPORT | F45: 4370_MAGAZINES | G45: Z3728_EPL STUDIO | H45: 63202-1000_Koszty redakcji - umowy cywilno-prawne | I45: =LEFT(D45,3)&"_"&LEFT(E45,3)&"_"&LEFT(F45,4)&"_"&LEFT(G45,5)&"_"&LEFT(H45,10) -> J32_M32_4370_Z3728_63202-1000 | J45: =LEFT(D45,3)&"_"&LEFT(E45,3)&"_"&LEFT(F45,4)&"_"&LEFT(G45,5)&"_"&LEFT(H45,5) -> J32_M32_4370_Z3728_63202 | K45: =LEFT(H45,10) -> 63202-1000 | L45: =IFERROR(VLOOKUP($J45,[2]OPEX!$H:$AM,L$2,FALSE),"-") -> Sport Dep | M45: =IFERROR(VLOOKUP($J45,[2]OPEX!$H:$AM,M$2,FALSE),"-") -> C+Sport | N45: =IFERROR(VLOOKUP($J45,[2]OPEX!$H:$AM,N$2,FALSE),"-") -> EPL Studio | O45: =IFERROR(VLOOKUP($J45,[2]OPEX!$H:$AM,O$2,FALSE),"-") -> Pprod-Editing | P45: =IFERROR(VLOOKUP($J45,[2]OPEX!$H:$AM,P$2,FALSE),"-") -> PS1S0M0DP3 | Q45: =IFERROR(VLOOKUP($J45,[2]OPEX!$H:$AM,Q$2,FALSE),"-") -> C+Sport Mag EPL Studio Postprod | R45: =S45 -> PRODUKCJA – MONTAŻ/WIDEO/MIKS/AUDIO | S45: =IFERROR(VLOOKUP($J45,[2]OPEX!$H:$AM,S$2,FALSE),"-") -> PRODUKCJA – MONTAŻ/WIDEO/MIKS/AUDIO | T45: =IFERROR(VLOOKUP($J45,[2]OPEX!$H:$AM,T$2,FALSE),"-") | U45: =IFERROR(VLOOKUP($J45,[2]OPEX!$H:$AM,U$2,FALSE),"-") | V45: =IFERROR(VLOOKUP($J45,[2]OPEX!$H:$AM,V$2,FALSE),"-") | W45: =IFERROR(VLOOKUP($J45,[2]OPEX!$H:$AM,W$2,FALSE),"-") | X45: =IFERROR(VLOOKUP($J45,[2]OPEX!$H:$AM,X$2,FALSE),"-") | Y45: =IFERROR(VLOOKUP($J45,[2]OPEX!$H:$AM,Y$2,FALSE),"-") | Z45: =IFERROR(VLOOKUP($J45,[2]OPEX!$H:$AM,Z$2,FALSE),"-") | ... AD45: =IFERROR(VLOOKUP($J45,[2]OPEX!$H:$AM,AD$2,FALSE),"-") | AF45: =VLOOKUP(J45,[3]BU_COSTS!$C:$C,1,FALSE) -> J32_M32_4370_Z3728_63202
A46: K1/MMA | D46: J32_CANAL+ SPORT | E46: M32_CANAL+ SPORT | F46: 4369_OTHER SPORTS | G46: Z3670_K1/MMA | H46: 63202-1000_Koszty redakcji - umowy cywilno-prawne | I46: =LEFT(D46,3)&"_"&LEFT(E46,3)&"_"&LEFT(F46,4)&"_"&LEFT(G46,5)&"_"&LEFT(H46,10) -> J32_M32_4369_Z3670_63202-1000 | J46: =LEFT(D46,3)&"_"&LEFT(E46,3)&"_"&LEFT(F46,4)&"_"&LEFT(G46,5)&"_"&LEFT(H46,5) -> J32_M32_4369_Z3670_63202 | K46: =LEFT(H46,10) -> 63202-1000 | L46: =IFERROR(VLOOKUP($J46,[2]OPEX!$H:$AM,L$2,FALSE),"-") -> Sport Dep | M46: =IFERROR(VLOOKUP($J46,[2]OPEX!$H:$AM,M$2,FALSE),"-") -> C+Sport | N46: =IFERROR(VLOOKUP($J46,[2]OPEX!$H:$AM,N$2,FALSE),"-") -> KSW | O46: =IFERROR(VLOOKUP($J46,[2]OPEX!$H:$AM,O$2,FALSE),"-") -> Pprod-Editing | P46: =IFERROR(VLOOKUP($J46,[2]OPEX!$H:$AM,P$2,FALSE),"-") -> PS1S0M11W3 | Q46: =IFERROR(VLOOKUP($J46,[2]OPEX!$H:$AM,Q$2,FALSE),"-") -> C+Sport Martial Arts Postprod | R46: =S46 -> PRODUKCJA – MONTAŻ/WIDEO/MIKS/AUDIO | S46: =IFERROR(VLOOKUP($J46,[2]OPEX!$H:$AM,S$2,FALSE),"-") -> PRODUKCJA – MONTAŻ/WIDEO/MIKS/AUDIO | T46: =IFERROR(VLOOKUP($J46,[2]OPEX!$H:$AM,T$2,FALSE),"-") | U46: =IFERROR(VLOOKUP($J46,[2]OPEX!$H:$AM,U$2,FALSE),"-") | V46: =IFERROR(VLOOKUP($J46,[2]OPEX!$H:$AM,V$2,FALSE),"-") | W46: =IFERROR(VLOOKUP($J46,[2]OPEX!$H:$AM,W$2,FALSE),"-") | X46: =IFERROR(VLOOKUP($J46,[2]OPEX!$H:$AM,X$2,FALSE),"-") | Y46: =IFERROR(VLOOKUP($J46,[2]OPEX!$H:$AM,Y$2,FALSE),"-") | Z46: =IFERROR(VLOOKUP($J46,[2]OPEX!$H:$AM,Z$2,FALSE),"-") | ... AD46: =IFERROR(VLOOKUP($J46,[2]OPEX!$H:$AM,AD$2,FALSE),"-") | AF46: =VLOOKUP(J46,[3]BU_COSTS!$C:$C,1,FALSE) -> J32_M32_4369_Z3670_63202
A47: ESA SKRÓTY | D47: J32_CANAL+ SPORT | E47: M32_CANAL+ SPORT | F47: 4370_MAGAZINES | G47: Z3713_ON LINE | H47: 63202-1000_Koszty redakcji - umowy cywilno-prawne | I47: =LEFT(D47,3)&"_"&LEFT(E47,3)&"_"&LEFT(F47,4)&"_"&LEFT(G47,5)&"_"&LEFT(H47,10) -> J32_M32_4370_Z3713_63202-1000 | J47: =LEFT(D47,3)&"_"&LEFT(E47,3)&"_"&LEFT(F47,4)&"_"&LEFT(G47,5)&"_"&LEFT(H47,5) -> J32_M32_4370_Z3713_63202 | K47: =LEFT(H47,10) -> 63202-1000 | L47: =IFERROR(VLOOKUP($J47,[2]OPEX!$H:$AM,L$2,FALSE),"-") -> Sport Dep | M47: =IFERROR(VLOOKUP($J47,[2]OPEX!$H:$AM,M$2,FALSE),"-") -> C+Sport | N47: =IFERROR(VLOOKUP($J47,[2]OPEX!$H:$AM,N$2,FALSE),"-") -> Digital media | O47: =IFERROR(VLOOKUP($J47,[2]OPEX!$H:$AM,O$2,FALSE),"-") -> Pprod-Editing | P47: =IFERROR(VLOOKUP($J47,[2]OPEX!$H:$AM,P$2,FALSE),"-") -> PS1S0M0NG3 | Q47: =IFERROR(VLOOKUP($J47,[2]OPEX!$H:$AM,Q$2,FALSE),"-") -> C+Sport Mag Digital Postprod | R47: =S47 -> PRODUKCJA – MONTAŻ/WIDEO/MIKS/AUDIO | S47: =IFERROR(VLOOKUP($J47,[2]OPEX!$H:$AM,S$2,FALSE),"-") -> PRODUKCJA – MONTAŻ/WIDEO/MIKS/AUDIO | T47: =IFERROR(VLOOKUP($J47,[2]OPEX!$H:$AM,T$2,FALSE),"-") | U47: =IFERROR(VLOOKUP($J47,[2]OPEX!$H:$AM,U$2,FALSE),"-") | V47: =IFERROR(VLOOKUP($J47,[2]OPEX!$H:$AM,V$2,FALSE),"-") | W47: =IFERROR(VLOOKUP($J47,[2]OPEX!$H:$AM,W$2,FALSE),"-") | X47: =IFERROR(VLOOKUP($J47,[2]OPEX!$H:$AM,X$2,FALSE),"-") | Y47: =IFERROR(VLOOKUP($J47,[2]OPEX!$H:$AM,Y$2,FALSE),"-") | Z47: =IFERROR(VLOOKUP($J47,[2]OPEX!$H:$AM,Z$2,FALSE),"-") | ... AD47: =IFERROR(VLOOKUP($J47,[2]OPEX!$H:$AM,AD$2,FALSE),"-") | AF47: =VLOOKUP(J47,[3]BU_COSTS!$C:$C,1,FALSE) -> J32_M32_4370_Z3713_63202
I48: =LEFT(D48,3)&"_"&LEFT(E48,3)&"_"&LEFT(F48,4)&"_"&LEFT(G48,5)&"_"&LEFT(H48,10) -> ____ | J48: =LEFT(D48,3)&"_"&LEFT(E48,3)&"_"&LEFT(F48,4)&"_"&LEFT(G48,5)&"_"&LEFT(H48,5) -> ____ | K48: =LEFT(H48,10) | L48: =IFERROR(VLOOKUP($J48,[2]OPEX!$H:$AM,L$2,FALSE),"-") -> - | M48: =IFERROR(VLOOKUP($J48,[2]OPEX!$H:$AM,M$2,FALSE),"-") -> - | N48: =IFERROR(VLOOKUP($J48,[2]OPEX!$H:$AM,N$2,FALSE),"-") -> - | O48: =IFERROR(VLOOKUP($J48,[2]OPEX!$H:$AM,O$2,FALSE),"-") -> - | P48: =IFERROR(VLOOKUP($J48,[2]OPEX!$H:$AM,P$2,FALSE),"-") -> - | Q48: =IFERROR(VLOOKUP($J48,[2]OPEX!$H:$AM,Q$2,FALSE),"-") -> - | R48: =S48 -> - | S48: =IFERROR(VLOOKUP($J48,[2]OPEX!$H:$AM,S$2,FALSE),"-") -> - | T48: =IFERROR(VLOOKUP($J48,[2]OPEX!$H:$AM,T$2,FALSE),"-") -> - | U48: =IFERROR(VLOOKUP($J48,[2]OPEX!$H:$AM,U$2,FALSE),"-") -> - | V48: =IFERROR(VLOOKUP($J48,[2]OPEX!$H:$AM,V$2,FALSE),"-") -> - | W48: =IFERROR(VLOOKUP($J48,[2]OPEX!$H:$AM,W$2,FALSE),"-") -> - | X48: =IFERROR(VLOOKUP($J48,[2]OPEX!$H:$AM,X$2,FALSE),"-") -> - | Y48: =IFERROR(VLOOKUP($J48,[2]OPEX!$H:$AM,Y$2,FALSE),"-") -> - | Z48: =IFERROR(VLOOKUP($J48,[2]OPEX!$H:$AM,Z$2,FALSE),"-") -> - | ... AD48: =IFERROR(VLOOKUP($J48,[2]OPEX!$H:$AM,AD$2,FALSE),"-") -> - | AF48: =VLOOKUP(J48,[3]BU_COSTS!$C:$C,1,FALSE) -> ____
I49: =LEFT(D49,3)&"_"&LEFT(E49,3)&"_"&LEFT(F49,4)&"_"&LEFT(G49,5)&"_"&LEFT(H49,10) -> ____ | J49: =LEFT(D49,3)&"_"&LEFT(E49,3)&"_"&LEFT(F49,4)&"_"&LEFT(G49,5)&"_"&LEFT(H49,5) -> ____ | K49: =LEFT(H49,10) | L49: =IFERROR(VLOOKUP($J49,[2]OPEX!$H:$AM,L$2,FALSE),"-") -> - | M49: =IFERROR(VLOOKUP($J49,[2]OPEX!$H:$AM,M$2,FALSE),"-") -> - | N49: =IFERROR(VLOOKUP($J49,[2]OPEX!$H:$AM,N$2,FALSE),"-") -> - | O49: =IFERROR(VLOOKUP($J49,[2]OPEX!$H:$AM,O$2,FALSE),"-") -> - | P49: =IFERROR(VLOOKUP($J49,[2]OPEX!$H:$AM,P$2,FALSE),"-") -> - | Q49: =IFERROR(VLOOKUP($J49,[2]OPEX!$H:$AM,Q$2,FALSE),"-") -> - | R49: =S49 -> - | S49: =IFERROR(VLOOKUP($J49,[2]OPEX!$H:$AM,S$2,FALSE),"-") -> - | T49: =IFERROR(VLOOKUP($J49,[2]OPEX!$H:$AM,T$2,FALSE),"-") -> - | U49: =IFERROR(VLOOKUP($J49,[2]OPEX!$H:$AM,U$2,FALSE),"-") -> - | V49: =IFERROR(VLOOKUP($J49,[2]OPEX!$H:$AM,V$2,FALSE),"-") -> - | W49: =IFERROR(VLOOKUP($J49,[2]OPEX!$H:$AM,W$2,FALSE),"-") -> - | X49: =IFERROR(VLOOKUP($J49,[2]OPEX!$H:$AM,X$2,FALSE),"-") -> - | Y49: =IFERROR(VLOOKUP($J49,[2]OPEX!$H:$AM,Y$2,FALSE),"-") -> - | Z49: =IFERROR(VLOOKUP($J49,[2]OPEX!$H:$AM,Z$2,FALSE),"-") -> - | ... AD49: =IFERROR(VLOOKUP($J49,[2]OPEX!$H:$AM,AD$2,FALSE),"-") -> - | AF49: =VLOOKUP(J49,[3]BU_COSTS!$C:$C,1,FALSE) -> ____
I50: =LEFT(D50,3)&"_"&LEFT(E50,3)&"_"&LEFT(F50,4)&"_"&LEFT(G50,5)&"_"&LEFT(H50,10) -> ____ | J50: =LEFT(D50,3)&"_"&LEFT(E50,3)&"_"&LEFT(F50,4)&"_"&LEFT(G50,5)&"_"&LEFT(H50,5) -> ____ | K50: =LEFT(H50,10) | L50: =IFERROR(VLOOKUP($J50,[2]OPEX!$H:$AM,L$2,FALSE),"-") -> - | M50: =IFERROR(VLOOKUP($J50,[2]OPEX!$H:$AM,M$2,FALSE),"-") -> - | N50: =IFERROR(VLOOKUP($J50,[2]OPEX!$H:$AM,N$2,FALSE),"-") -> - | O50: =IFERROR(VLOOKUP($J50,[2]OPEX!$H:$AM,O$2,FALSE),"-") -> - | P50: =IFERROR(VLOOKUP($J50,[2]OPEX!$H:$AM,P$2,FALSE),"-") -> - | Q50: =IFERROR(VLOOKUP($J50,[2]OPEX!$H:$AM,Q$2,FALSE),"-") -> - | R50: =S50 -> - | S50: =IFERROR(VLOOKUP($J50,[2]OPEX!$H:$AM,S$2,FALSE),"-") -> - | T50: =IFERROR(VLOOKUP($J50,[2]OPEX!$H:$AM,T$2,FALSE),"-") -> - | U50: =IFERROR(VLOOKUP($J50,[2]OPEX!$H:$AM,U$2,FALSE),"-") -> - | V50: =IFERROR(VLOOKUP($J50,[2]OPEX!$H:$AM,V$2,FALSE),"-") -> - | W50: =IFERROR(VLOOKUP($J50,[2]OPEX!$H:$AM,W$2,FALSE),"-") -> - | X50: =IFERROR(VLOOKUP($J50,[2]OPEX!$H:$AM,X$2,FALSE),"-") -> - | Y50: =IFERROR(VLOOKUP($J50,[2]OPEX!$H:$AM,Y$2,FALSE),"-") -> - | Z50: =IFERROR(VLOOKUP($J50,[2]OPEX!$H:$AM,Z$2,FALSE),"-") -> - | ... AD50: =IFERROR(VLOOKUP($J50,[2]OPEX!$H:$AM,AD$2,FALSE),"-") -> - | AF50: =VLOOKUP(J50,[3]BU_COSTS!$C:$C,1,FALSE) -> ____
I51: =LEFT(D51,3)&"_"&LEFT(E51,3)&"_"&LEFT(F51,4)&"_"&LEFT(G51,5)&"_"&LEFT(H51,10) -> ____ | J51: =LEFT(D51,3)&"_"&LEFT(E51,3)&"_"&LEFT(F51,4)&"_"&LEFT(G51,5)&"_"&LEFT(H51,5) -> ____ | K51: =LEFT(H51,10) | L51: =IFERROR(VLOOKUP($J51,[2]OPEX!$H:$AM,L$2,FALSE),"-") -> - | M51: =IFERROR(VLOOKUP($J51,[2]OPEX!$H:$AM,M$2,FALSE),"-") -> - | N51: =IFERROR(VLOOKUP($J51,[2]OPEX!$H:$AM,N$2,FALSE),"-") -> - | O51: =IFERROR(VLOOKUP($J51,[2]OPEX!$H:$AM,O$2,FALSE),"-") -> - | P51: =IFERROR(VLOOKUP($J51,[2]OPEX!$H:$AM,P$2,FALSE),"-") -> - | Q51: =IFERROR(VLOOKUP($J51,[2]OPEX!$H:$AM,Q$2,FALSE),"-") -> - | R51: =S51 -> - | S51: =IFERROR(VLOOKUP($J51,[2]OPEX!$H:$AM,S$2,FALSE),"-") -> - | T51: =IFERROR(VLOOKUP($J51,[2]OPEX!$H:$AM,T$2,FALSE),"-") -> - | U51: =IFERROR(VLOOKUP($J51,[2]OPEX!$H:$AM,U$2,FALSE),"-") -> - | V51: =IFERROR(VLOOKUP($J51,[2]OPEX!$H:$AM,V$2,FALSE),"-") -> - | W51: =IFERROR(VLOOKUP($J51,[2]OPEX!$H:$AM,W$2,FALSE),"-") -> - | X51: =IFERROR(VLOOKUP($J51,[2]OPEX!$H:$AM,X$2,FALSE),"-") -> - | Y51: =IFERROR(VLOOKUP($J51,[2]OPEX!$H:$AM,Y$2,FALSE),"-") -> - | Z51: =IFERROR(VLOOKUP($J51,[2]OPEX!$H:$AM,Z$2,FALSE),"-") -> - | ... AD51: =IFERROR(VLOOKUP($J51,[2]OPEX!$H:$AM,AD$2,FALSE),"-") -> - | AF51: =VLOOKUP(J51,[3]BU_COSTS!$C:$C,1,FALSE) -> ____
I52: =LEFT(D52,3)&"_"&LEFT(E52,3)&"_"&LEFT(F52,4)&"_"&LEFT(G52,5)&"_"&LEFT(H52,10) -> ____ | J52: =LEFT(D52,3)&"_"&LEFT(E52,3)&"_"&LEFT(F52,4)&"_"&LEFT(G52,5)&"_"&LEFT(H52,5) -> ____ | K52: =LEFT(H52,10) | L52: =IFERROR(VLOOKUP($J52,[2]OPEX!$H:$AM,L$2,FALSE),"-") -> - | M52: =IFERROR(VLOOKUP($J52,[2]OPEX!$H:$AM,M$2,FALSE),"-") -> - | N52: =IFERROR(VLOOKUP($J52,[2]OPEX!$H:$AM,N$2,FALSE),"-") -> - | O52: =IFERROR(VLOOKUP($J52,[2]OPEX!$H:$AM,O$2,FALSE),"-") -> - | P52: =IFERROR(VLOOKUP($J52,[2]OPEX!$H:$AM,P$2,FALSE),"-") -> - | Q52: =IFERROR(VLOOKUP($J52,[2]OPEX!$H:$AM,Q$2,FALSE),"-") -> - | R52: =S52 -> - | S52: =IFERROR(VLOOKUP($J52,[2]OPEX!$H:$AM,S$2,FALSE),"-") -> - | T52: =IFERROR(VLOOKUP($J52,[2]OPEX!$H:$AM,T$2,FALSE),"-") -> - | U52: =IFERROR(VLOOKUP($J52,[2]OPEX!$H:$AM,U$2,FALSE),"-") -> - | V52: =IFERROR(VLOOKUP($J52,[2]OPEX!$H:$AM,V$2,FALSE),"-") -> - | W52: =IFERROR(VLOOKUP($J52,[2]OPEX!$H:$AM,W$2,FALSE),"-") -> - | X52: =IFERROR(VLOOKUP($J52,[2]OPEX!$H:$AM,X$2,FALSE),"-") -> - | Y52: =IFERROR(VLOOKUP($J52,[2]OPEX!$H:$AM,Y$2,FALSE),"-") -> - | Z52: =IFERROR(VLOOKUP($J52,[2]OPEX!$H:$AM,Z$2,FALSE),"-") -> - | ... AD52: =IFERROR(VLOOKUP($J52,[2]OPEX!$H:$AM,AD$2,FALSE),"-") -> - | AF52: =VLOOKUP(J52,[3]BU_COSTS!$C:$C,1,FALSE) -> ____
I53: =LEFT(D53,3)&"_"&LEFT(E53,3)&"_"&LEFT(F53,4)&"_"&LEFT(G53,5)&"_"&LEFT(H53,10) -> ____ | J53: =LEFT(D53,3)&"_"&LEFT(E53,3)&"_"&LEFT(F53,4)&"_"&LEFT(G53,5)&"_"&LEFT(H53,5) -> ____ | K53: =LEFT(H53,10) | L53: =IFERROR(VLOOKUP($J53,[2]OPEX!$H:$AM,L$2,FALSE),"-") -> - | M53: =IFERROR(VLOOKUP($J53,[2]OPEX!$H:$AM,M$2,FALSE),"-") -> - | N53: =IFERROR(VLOOKUP($J53,[2]OPEX!$H:$AM,N$2,FALSE),"-") -> - | O53: =IFERROR(VLOOKUP($J53,[2]OPEX!$H:$AM,O$2,FALSE),"-") -> - | P53: =IFERROR(VLOOKUP($J53,[2]OPEX!$H:$AM,P$2,FALSE),"-") -> - | Q53: =IFERROR(VLOOKUP($J53,[2]OPEX!$H:$AM,Q$2,FALSE),"-") -> - | R53: =S53 -> - | S53: =IFERROR(VLOOKUP($J53,[2]OPEX!$H:$AM,S$2,FALSE),"-") -> - | T53: =IFERROR(VLOOKUP($J53,[2]OPEX!$H:$AM,T$2,FALSE),"-") -> - | U53: =IFERROR(VLOOKUP($J53,[2]OPEX!$H:$AM,U$2,FALSE),"-") -> - | V53: =IFERROR(VLOOKUP($J53,[2]OPEX!$H:$AM,V$2,FALSE),"-") -> - | W53: =IFERROR(VLOOKUP($J53,[2]OPEX!$H:$AM,W$2,FALSE),"-") -> - | X53: =IFERROR(VLOOKUP($J53,[2]OPEX!$H:$AM,X$2,FALSE),"-") -> - | Y53: =IFERROR(VLOOKUP($J53,[2]OPEX!$H:$AM,Y$2,FALSE),"-") -> - | Z53: =IFERROR(VLOOKUP($J53,[2]OPEX!$H:$AM,Z$2,FALSE),"-") -> - | ... AD53: =IFERROR(VLOOKUP($J53,[2]OPEX!$H:$AM,AD$2,FALSE),"-") -> - | AF53: =VLOOKUP(J53,[3]BU_COSTS!$C:$C,1,FALSE) -> ____
I54: =LEFT(D54,3)&"_"&LEFT(E54,3)&"_"&LEFT(F54,4)&"_"&LEFT(G54,5)&"_"&LEFT(H54,10) -> ____ | J54: =LEFT(D54,3)&"_"&LEFT(E54,3)&"_"&LEFT(F54,4)&"_"&LEFT(G54,5)&"_"&LEFT(H54,5) -> ____ | K54: =LEFT(H54,10) | L54: =IFERROR(VLOOKUP($J54,[2]OPEX!$H:$AM,L$2,FALSE),"-") -> - | M54: =IFERROR(VLOOKUP($J54,[2]OPEX!$H:$AM,M$2,FALSE),"-") -> - | N54: =IFERROR(VLOOKUP($J54,[2]OPEX!$H:$AM,N$2,FALSE),"-") -> - | O54: =IFERROR(VLOOKUP($J54,[2]OPEX!$H:$AM,O$2,FALSE),"-") -> - | P54: =IFERROR(VLOOKUP($J54,[2]OPEX!$H:$AM,P$2,FALSE),"-") -> - | Q54: =IFERROR(VLOOKUP($J54,[2]OPEX!$H:$AM,Q$2,FALSE),"-") -> - | R54: =S54 -> - | S54: =IFERROR(VLOOKUP($J54,[2]OPEX!$H:$AM,S$2,FALSE),"-") -> - | T54: =IFERROR(VLOOKUP($J54,[2]OPEX!$H:$AM,T$2,FALSE),"-") -> - | U54: =IFERROR(VLOOKUP($J54,[2]OPEX!$H:$AM,U$2,FALSE),"-") -> - | V54: =IFERROR(VLOOKUP($J54,[2]OPEX!$H:$AM,V$2,FALSE),"-") -> - | W54: =IFERROR(VLOOKUP($J54,[2]OPEX!$H:$AM,W$2,FALSE),"-") -> - | X54: =IFERROR(VLOOKUP($J54,[2]OPEX!$H:$AM,X$2,FALSE),"-") -> - | Y54: =IFERROR(VLOOKUP($J54,[2]OPEX!$H:$AM,Y$2,FALSE),"-") -> - | Z54: =IFERROR(VLOOKUP($J54,[2]OPEX!$H:$AM,Z$2,FALSE),"-") -> - | ... AD54: =IFERROR(VLOOKUP($J54,[2]OPEX!$H:$AM,AD$2,FALSE),"-") -> - | AF54: =VLOOKUP(J54,[3]BU_COSTS!$C:$C,1,FALSE) -> ____
I55: =LEFT(D55,3)&"_"&LEFT(E55,3)&"_"&LEFT(F55,4)&"_"&LEFT(G55,5)&"_"&LEFT(H55,10) -> ____ | J55: =LEFT(D55,3)&"_"&LEFT(E55,3)&"_"&LEFT(F55,4)&"_"&LEFT(G55,5)&"_"&LEFT(H55,5) -> ____ | K55: =LEFT(H55,10) | L55: =IFERROR(VLOOKUP($J55,[2]OPEX!$H:$AM,L$2,FALSE),"-") -> - | M55: =IFERROR(VLOOKUP($J55,[2]OPEX!$H:$AM,M$2,FALSE),"-") -> - | N55: =IFERROR(VLOOKUP($J55,[2]OPEX!$H:$AM,N$2,FALSE),"-") -> - | O55: =IFERROR(VLOOKUP($J55,[2]OPEX!$H:$AM,O$2,FALSE),"-") -> - | P55: =IFERROR(VLOOKUP($J55,[2]OPEX!$H:$AM,P$2,FALSE),"-") -> - | Q55: =IFERROR(VLOOKUP($J55,[2]OPEX!$H:$AM,Q$2,FALSE),"-") -> - | R55: =S55 -> - | S55: =IFERROR(VLOOKUP($J55,[2]OPEX!$H:$AM,S$2,FALSE),"-") -> - | T55: =IFERROR(VLOOKUP($J55,[2]OPEX!$H:$AM,T$2,FALSE),"-") -> - | U55: =IFERROR(VLOOKUP($J55,[2]OPEX!$H:$AM,U$2,FALSE),"-") -> - | V55: =IFERROR(VLOOKUP($J55,[2]OPEX!$H:$AM,V$2,FALSE),"-") -> - | W55: =IFERROR(VLOOKUP($J55,[2]OPEX!$H:$AM,W$2,FALSE),"-") -> - | X55: =IFERROR(VLOOKUP($J55,[2]OPEX!$H:$AM,X$2,FALSE),"-") -> - | Y55: =IFERROR(VLOOKUP($J55,[2]OPEX!$H:$AM,Y$2,FALSE),"-") -> - | Z55: =IFERROR(VLOOKUP($J55,[2]OPEX!$H:$AM,Z$2,FALSE),"-") -> - | ... AD55: =IFERROR(VLOOKUP($J55,[2]OPEX!$H:$AM,AD$2,FALSE),"-") -> - | AF55: =VLOOKUP(J55,[3]BU_COSTS!$C:$C,1,FALSE) -> ____
I56: =LEFT(D56,3)&"_"&LEFT(E56,3)&"_"&LEFT(F56,4)&"_"&LEFT(G56,5)&"_"&LEFT(H56,10) -> ____ | J56: =LEFT(D56,3)&"_"&LEFT(E56,3)&"_"&LEFT(F56,4)&"_"&LEFT(G56,5)&"_"&LEFT(H56,5) -> ____ | K56: =LEFT(H56,10) | L56: =IFERROR(VLOOKUP($J56,[2]OPEX!$H:$AM,L$2,FALSE),"-") -> - | M56: =IFERROR(VLOOKUP($J56,[2]OPEX!$H:$AM,M$2,FALSE),"-") -> - | N56: =IFERROR(VLOOKUP($J56,[2]OPEX!$H:$AM,N$2,FALSE),"-") -> - | O56: =IFERROR(VLOOKUP($J56,[2]OPEX!$H:$AM,O$2,FALSE),"-") -> - | P56: =IFERROR(VLOOKUP($J56,[2]OPEX!$H:$AM,P$2,FALSE),"-") -> - | Q56: =IFERROR(VLOOKUP($J56,[2]OPEX!$H:$AM,Q$2,FALSE),"-") -> - | R56: =S56 -> - | S56: =IFERROR(VLOOKUP($J56,[2]OPEX!$H:$AM,S$2,FALSE),"-") -> - | T56: =IFERROR(VLOOKUP($J56,[2]OPEX!$H:$AM,T$2,FALSE),"-") -> - | U56: =IFERROR(VLOOKUP($J56,[2]OPEX!$H:$AM,U$2,FALSE),"-") -> - | V56: =IFERROR(VLOOKUP($J56,[2]OPEX!$H:$AM,V$2,FALSE),"-") -> - | W56: =IFERROR(VLOOKUP($J56,[2]OPEX!$H:$AM,W$2,FALSE),"-") -> - | X56: =IFERROR(VLOOKUP($J56,[2]OPEX!$H:$AM,X$2,FALSE),"-") -> - | Y56: =IFERROR(VLOOKUP($J56,[2]OPEX!$H:$AM,Y$2,FALSE),"-") -> - | Z56: =IFERROR(VLOOKUP($J56,[2]OPEX!$H:$AM,Z$2,FALSE),"-") -> - | ... AD56: =IFERROR(VLOOKUP($J56,[2]OPEX!$H:$AM,AD$2,FALSE),"-") -> - | AF56: =VLOOKUP(J56,[3]BU_COSTS!$C:$C,1,FALSE) -> ____
I57: =LEFT(D57,3)&"_"&LEFT(E57,3)&"_"&LEFT(F57,4)&"_"&LEFT(G57,5)&"_"&LEFT(H57,10) -> ____ | J57: =LEFT(D57,3)&"_"&LEFT(E57,3)&"_"&LEFT(F57,4)&"_"&LEFT(G57,5)&"_"&LEFT(H57,5) -> ____ | K57: =LEFT(H57,10) | L57: =IFERROR(VLOOKUP($J57,[2]OPEX!$H:$AM,L$2,FALSE),"-") -> - | M57: =IFERROR(VLOOKUP($J57,[2]OPEX!$H:$AM,M$2,FALSE),"-") -> - | N57: =IFERROR(VLOOKUP($J57,[2]OPEX!$H:$AM,N$2,FALSE),"-") -> - | O57: =IFERROR(VLOOKUP($J57,[2]OPEX!$H:$AM,O$2,FALSE),"-") -> - | P57: =IFERROR(VLOOKUP($J57,[2]OPEX!$H:$AM,P$2,FALSE),"-") -> - | Q57: =IFERROR(VLOOKUP($J57,[2]OPEX!$H:$AM,Q$2,FALSE),"-") -> - | R57: =S57 -> - | S57: =IFERROR(VLOOKUP($J57,[2]OPEX!$H:$AM,S$2,FALSE),"-") -> - | T57: =IFERROR(VLOOKUP($J57,[2]OPEX!$H:$AM,T$2,FALSE),"-") -> - | U57: =IFERROR(VLOOKUP($J57,[2]OPEX!$H:$AM,U$2,FALSE),"-") -> - | V57: =IFERROR(VLOOKUP($J57,[2]OPEX!$H:$AM,V$2,FALSE),"-") -> - | W57: =IFERROR(VLOOKUP($J57,[2]OPEX!$H:$AM,W$2,FALSE),"-") -> - | X57: =IFERROR(VLOOKUP($J57,[2]OPEX!$H:$AM,X$2,FALSE),"-") -> - | Y57: =IFERROR(VLOOKUP($J57,[2]OPEX!$H:$AM,Y$2,FALSE),"-") -> - | Z57: =IFERROR(VLOOKUP($J57,[2]OPEX!$H:$AM,Z$2,FALSE),"-") -> - | ... AD57: =IFERROR(VLOOKUP($J57,[2]OPEX!$H:$AM,AD$2,FALSE),"-") -> - | AF57: =VLOOKUP(J57,[3]BU_COSTS!$C:$C,1,FALSE) -> ____
I58: =LEFT(D58,3)&"_"&LEFT(E58,3)&"_"&LEFT(F58,4)&"_"&LEFT(G58,5)&"_"&LEFT(H58,10) -> ____ | J58: =LEFT(D58,3)&"_"&LEFT(E58,3)&"_"&LEFT(F58,4)&"_"&LEFT(G58,5)&"_"&LEFT(H58,5) -> ____ | K58: =LEFT(H58,10) | L58: =IFERROR(VLOOKUP($J58,[2]OPEX!$H:$AM,L$2,FALSE),"-") -> - | M58: =IFERROR(VLOOKUP($J58,[2]OPEX!$H:$AM,M$2,FALSE),"-") -> - | N58: =IFERROR(VLOOKUP($J58,[2]OPEX!$H:$AM,N$2,FALSE),"-") -> - | O58: =IFERROR(VLOOKUP($J58,[2]OPEX!$H:$AM,O$2,FALSE),"-") -> - | P58: =IFERROR(VLOOKUP($J58,[2]OPEX!$H:$AM,P$2,FALSE),"-") -> - | Q58: =IFERROR(VLOOKUP($J58,[2]OPEX!$H:$AM,Q$2,FALSE),"-") -> - | R58: =S58 -> - | S58: =IFERROR(VLOOKUP($J58,[2]OPEX!$H:$AM,S$2,FALSE),"-") -> - | T58: =IFERROR(VLOOKUP($J58,[2]OPEX!$H:$AM,T$2,FALSE),"-") -> - | U58: =IFERROR(VLOOKUP($J58,[2]OPEX!$H:$AM,U$2,FALSE),"-") -> - | V58: =IFERROR(VLOOKUP($J58,[2]OPEX!$H:$AM,V$2,FALSE),"-") -> - | W58: =IFERROR(VLOOKUP($J58,[2]OPEX!$H:$AM,W$2,FALSE),"-") -> - | X58: =IFERROR(VLOOKUP($J58,[2]OPEX!$H:$AM,X$2,FALSE),"-") -> - | Y58: =IFERROR(VLOOKUP($J58,[2]OPEX!$H:$AM,Y$2,FALSE),"-") -> - | Z58: =IFERROR(VLOOKUP($J58,[2]OPEX!$H:$AM,Z$2,FALSE),"-") -> - | ... AD58: =IFERROR(VLOOKUP($J58,[2]OPEX!$H:$AM,AD$2,FALSE),"-") -> - | AF58: =VLOOKUP(J58,[3]BU_COSTS!$C:$C,1,FALSE) -> ____
I59: =LEFT(D59,3)&"_"&LEFT(E59,3)&"_"&LEFT(F59,4)&"_"&LEFT(G59,5)&"_"&LEFT(H59,10) -> ____ | J59: =LEFT(D59,3)&"_"&LEFT(E59,3)&"_"&LEFT(F59,4)&"_"&LEFT(G59,5)&"_"&LEFT(H59,5) -> ____ | K59: =LEFT(H59,10) | L59: =IFERROR(VLOOKUP($J59,[2]OPEX!$H:$AM,L$2,FALSE),"-") -> - | M59: =IFERROR(VLOOKUP($J59,[2]OPEX!$H:$AM,M$2,FALSE),"-") -> - | N59: =IFERROR(VLOOKUP($J59,[2]OPEX!$H:$AM,N$2,FALSE),"-") -> - | O59: =IFERROR(VLOOKUP($J59,[2]OPEX!$H:$AM,O$2,FALSE),"-") -> - | P59: =IFERROR(VLOOKUP($J59,[2]OPEX!$H:$AM,P$2,FALSE),"-") -> - | Q59: =IFERROR(VLOOKUP($J59,[2]OPEX!$H:$AM,Q$2,FALSE),"-") -> - | R59: =S59 -> - | S59: =IFERROR(VLOOKUP($J59,[2]OPEX!$H:$AM,S$2,FALSE),"-") -> - | T59: =IFERROR(VLOOKUP($J59,[2]OPEX!$H:$AM,T$2,FALSE),"-") -> - | U59: =IFERROR(VLOOKUP($J59,[2]OPEX!$H:$AM,U$2,FALSE),"-") -> - | V59: =IFERROR(VLOOKUP($J59,[2]OPEX!$H:$AM,V$2,FALSE),"-") -> - | W59: =IFERROR(VLOOKUP($J59,[2]OPEX!$H:$AM,W$2,FALSE),"-") -> - | X59: =IFERROR(VLOOKUP($J59,[2]OPEX!$H:$AM,X$2,FALSE),"-") -> - | Y59: =IFERROR(VLOOKUP($J59,[2]OPEX!$H:$AM,Y$2,FALSE),"-") -> - | Z59: =IFERROR(VLOOKUP($J59,[2]OPEX!$H:$AM,Z$2,FALSE),"-") -> - | ... AD59: =IFERROR(VLOOKUP($J59,[2]OPEX!$H:$AM,AD$2,FALSE),"-") -> - | AF59: =VLOOKUP(J59,[3]BU_COSTS!$C:$C,1,FALSE) -> ____
... I80: =LEFT(D80,3)&"_"&LEFT(E80,3)&"_"&LEFT(F80,4)&"_"&LEFT(G80,5)&"_"&LEFT(H80,10) -> ____ | J80: =LEFT(D80,3)&"_"&LEFT(E80,3)&"_"&LEFT(F80,4)&"_"&LEFT(G80,5)&"_"&LEFT(H80,5) -> ____ | K80: =LEFT(H80,10) | L80: =IFERROR(VLOOKUP($J80,[2]OPEX!$H:$AM,L$2,FALSE),"-") -> - | M80: =IFERROR(VLOOKUP($J80,[2]OPEX!$H:$AM,M$2,FALSE),"-") -> - | N80: =IFERROR(VLOOKUP($J80,[2]OPEX!$H:$AM,N$2,FALSE),"-") -> - | O80: =IFERROR(VLOOKUP($J80,[2]OPEX!$H:$AM,O$2,FALSE),"-") -> - | P80: =IFERROR(VLOOKUP($J80,[2]OPEX!$H:$AM,P$2,FALSE),"-") -> - | Q80: =IFERROR(VLOOKUP($J80,[2]OPEX!$H:$AM,Q$2,FALSE),"-") -> - | R80: =S80 -> - | S80: =IFERROR(VLOOKUP($J80,[2]OPEX!$H:$AM,S$2,FALSE),"-") -> - | T80: =IFERROR(VLOOKUP($J80,[2]OPEX!$H:$AM,T$2,FALSE),"-") -> - | U80: =IFERROR(VLOOKUP($J80,[2]OPEX!$H:$AM,U$2,FALSE),"-") -> - | V80: =IFERROR(VLOOKUP($J80,[2]OPEX!$H:$AM,V$2,FALSE),"-") -> - | W80: =IFERROR(VLOOKUP($J80,[2]OPEX!$H:$AM,W$2,FALSE),"-") -> - | X80: =IFERROR(VLOOKUP($J80,[2]OPEX!$H:$AM,X$2,FALSE),"-") -> - | Y80: =IFERROR(VLOOKUP($J80,[2]OPEX!$H:$AM,Y$2,FALSE),"-") -> - | Z80: =IFERROR(VLOOKUP($J80,[2]OPEX!$H:$AM,Z$2,FALSE),"-") -> - | ... AD80: =IFERROR(VLOOKUP($J80,[2]OPEX!$H:$AM,AD$2,FALSE),"-") -> - | AF80: =VLOOKUP(J80,[3]BU_COSTS!$C:$C,1,FALSE) -> ____
I81: =LEFT(D81,3)&"_"&LEFT(E81,3)&"_"&LEFT(F81,4)&"_"&LEFT(G81,5)&"_"&LEFT(H81,10) -> ____ | J81: =LEFT(D81,3)&"_"&LEFT(E81,3)&"_"&LEFT(F81,4)&"_"&LEFT(G81,5)&"_"&LEFT(H81,5) -> ____ | K81: =LEFT(H81,10) | L81: =IFERROR(VLOOKUP($J81,[2]OPEX!$H:$AM,L$2,FALSE),"-") -> - | M81: =IFERROR(VLOOKUP($J81,[2]OPEX!$H:$AM,M$2,FALSE),"-") -> - | N81: =IFERROR(VLOOKUP($J81,[2]OPEX!$H:$AM,N$2,FALSE),"-") -> - | O81: =IFERROR(VLOOKUP($J81,[2]OPEX!$H:$AM,O$2,FALSE),"-") -> - | P81: =IFERROR(VLOOKUP($J81,[2]OPEX!$H:$AM,P$2,FALSE),"-") -> - | Q81: =IFERROR(VLOOKUP($J81,[2]OPEX!$H:$AM,Q$2,FALSE),"-") -> - | R81: =S81 -> - | S81: =IFERROR(VLOOKUP($J81,[2]OPEX!$H:$AM,S$2,FALSE),"-") -> - | T81: =IFERROR(VLOOKUP($J81,[2]OPEX!$H:$AM,T$2,FALSE),"-") -> - | U81: =IFERROR(VLOOKUP($J81,[2]OPEX!$H:$AM,U$2,FALSE),"-") -> - | V81: =IFERROR(VLOOKUP($J81,[2]OPEX!$H:$AM,V$2,FALSE),"-") -> - | W81: =IFERROR(VLOOKUP($J81,[2]OPEX!$H:$AM,W$2,FALSE),"-") -> - | X81: =IFERROR(VLOOKUP($J81,[2]OPEX!$H:$AM,X$2,FALSE),"-") -> - | Y81: =IFERROR(VLOOKUP($J81,[2]OPEX!$H:$AM,Y$2,FALSE),"-") -> - | Z81: =IFERROR(VLOOKUP($J81,[2]OPEX!$H:$AM,Z$2,FALSE),"-") -> - | ... AD81: =IFERROR(VLOOKUP($J81,[2]OPEX!$H:$AM,AD$2,FALSE),"-") -> -
I82: =LEFT(D82,3)&"_"&LEFT(E82,3)&"_"&LEFT(F82,4)&"_"&LEFT(G82,5)&"_"&LEFT(H82,10) -> ____ | J82: =LEFT(D82,3)&"_"&LEFT(E82,3)&"_"&LEFT(F82,4)&"_"&LEFT(G82,5)&"_"&LEFT(H82,5) -> ____ | K82: =LEFT(H82,10) | L82: =IFERROR(VLOOKUP($J82,[2]OPEX!$H:$AM,L$2,FALSE),"-") -> - | M82: =IFERROR(VLOOKUP($J82,[2]OPEX!$H:$AM,M$2,FALSE),"-") -> - | N82: =IFERROR(VLOOKUP($J82,[2]OPEX!$H:$AM,N$2,FALSE),"-") -> - | O82: =IFERROR(VLOOKUP($J82,[2]OPEX!$H:$AM,O$2,FALSE),"-") -> - | P82: =IFERROR(VLOOKUP($J82,[2]OPEX!$H:$AM,P$2,FALSE),"-") -> - | Q82: =IFERROR(VLOOKUP($J82,[2]OPEX!$H:$AM,Q$2,FALSE),"-") -> - | R82: =S82 -> - | S82: =IFERROR(VLOOKUP($J82,[2]OPEX!$H:$AM,S$2,FALSE),"-") -> - | T82: =IFERROR(VLOOKUP($J82,[2]OPEX!$H:$AM,T$2,FALSE),"-") -> - | U82: =IFERROR(VLOOKUP($J82,[2]OPEX!$H:$AM,U$2,FALSE),"-") -> - | V82: =IFERROR(VLOOKUP($J82,[2]OPEX!$H:$AM,V$2,FALSE),"-") -> - | W82: =IFERROR(VLOOKUP($J82,[2]OPEX!$H:$AM,W$2,FALSE),"-") -> - | X82: =IFERROR(VLOOKUP($J82,[2]OPEX!$H:$AM,X$2,FALSE),"-") -> - | Y82: =IFERROR(VLOOKUP($J82,[2]OPEX!$H:$AM,Y$2,FALSE),"-") -> - | Z82: =IFERROR(VLOOKUP($J82,[2]OPEX!$H:$AM,Z$2,FALSE),"-") -> - | ... AD82: =IFERROR(VLOOKUP($J82,[2]OPEX!$H:$AM,AD$2,FALSE),"-") -> -
I83: =LEFT(D83,3)&"_"&LEFT(E83,3)&"_"&LEFT(F83,4)&"_"&LEFT(G83,5)&"_"&LEFT(H83,10) -> ____ | J83: =LEFT(D83,3)&"_"&LEFT(E83,3)&"_"&LEFT(F83,4)&"_"&LEFT(G83,5)&"_"&LEFT(H83,5) -> ____ | K83: =LEFT(H83,10) | L83: =IFERROR(VLOOKUP($J83,[2]OPEX!$H:$AM,L$2,FALSE),"-") -> - | M83: =IFERROR(VLOOKUP($J83,[2]OPEX!$H:$AM,M$2,FALSE),"-") -> - | N83: =IFERROR(VLOOKUP($J83,[2]OPEX!$H:$AM,N$2,FALSE),"-") -> - | O83: =IFERROR(VLOOKUP($J83,[2]OPEX!$H:$AM,O$2,FALSE),"-") -> - | P83: =IFERROR(VLOOKUP($J83,[2]OPEX!$H:$AM,P$2,FALSE),"-") -> - | Q83: =IFERROR(VLOOKUP($J83,[2]OPEX!$H:$AM,Q$2,FALSE),"-") -> - | R83: =S83 -> - | S83: =IFERROR(VLOOKUP($J83,[2]OPEX!$H:$AM,S$2,FALSE),"-") -> - | T83: =IFERROR(VLOOKUP($J83,[2]OPEX!$H:$AM,T$2,FALSE),"-") -> - | U83: =IFERROR(VLOOKUP($J83,[2]OPEX!$H:$AM,U$2,FALSE),"-") -> - | V83: =IFERROR(VLOOKUP($J83,[2]OPEX!$H:$AM,V$2,FALSE),"-") -> - | W83: =IFERROR(VLOOKUP($J83,[2]OPEX!$H:$AM,W$2,FALSE),"-") -> - | X83: =IFERROR(VLOOKUP($J83,[2]OPEX!$H:$AM,X$2,FALSE),"-") -> - | Y83: =IFERROR(VLOOKUP($J83,[2]OPEX!$H:$AM,Y$2,FALSE),"-") -> - | Z83: =IFERROR(VLOOKUP($J83,[2]OPEX!$H:$AM,Z$2,FALSE),"-") -> - | ... AD83: =IFERROR(VLOOKUP($J83,[2]OPEX!$H:$AM,AD$2,FALSE),"-") -> -
I84: =LEFT(D84,3)&"_"&LEFT(E84,3)&"_"&LEFT(F84,4)&"_"&LEFT(G84,5)&"_"&LEFT(H84,10) -> ____ | J84: =LEFT(D84,3)&"_"&LEFT(E84,3)&"_"&LEFT(F84,4)&"_"&LEFT(G84,5)&"_"&LEFT(H84,5) -> ____ | K84: =LEFT(H84,10) | L84: =IFERROR(VLOOKUP($J84,[2]OPEX!$H:$AM,L$2,FALSE),"-") -> - | M84: =IFERROR(VLOOKUP($J84,[2]OPEX!$H:$AM,M$2,FALSE),"-") -> - | N84: =IFERROR(VLOOKUP($J84,[2]OPEX!$H:$AM,N$2,FALSE),"-") -> - | O84: =IFERROR(VLOOKUP($J84,[2]OPEX!$H:$AM,O$2,FALSE),"-") -> - | P84: =IFERROR(VLOOKUP($J84,[2]OPEX!$H:$AM,P$2,FALSE),"-") -> - | Q84: =IFERROR(VLOOKUP($J84,[2]OPEX!$H:$AM,Q$2,FALSE),"-") -> - | R84: =S84 -> - | S84: =IFERROR(VLOOKUP($J84,[2]OPEX!$H:$AM,S$2,FALSE),"-") -> - | T84: =IFERROR(VLOOKUP($J84,[2]OPEX!$H:$AM,T$2,FALSE),"-") -> - | U84: =IFERROR(VLOOKUP($J84,[2]OPEX!$H:$AM,U$2,FALSE),"-") -> - | V84: =IFERROR(VLOOKUP($J84,[2]OPEX!$H:$AM,V$2,FALSE),"-") -> - | W84: =IFERROR(VLOOKUP($J84,[2]OPEX!$H:$AM,W$2,FALSE),"-") -> - | X84: =IFERROR(VLOOKUP($J84,[2]OPEX!$H:$AM,X$2,FALSE),"-") -> - | Y84: =IFERROR(VLOOKUP($J84,[2]OPEX!$H:$AM,Y$2,FALSE),"-") -> - | Z84: =IFERROR(VLOOKUP($J84,[2]OPEX!$H:$AM,Z$2,FALSE),"-") -> - | ... AD84: =IFERROR(VLOOKUP($J84,[2]OPEX!$H:$AM,AD$2,FALSE),"-") -> -

Sheet Arkusz1
B2: =LEFT(L2,18) -> J32_M32_4357_Z3601 | C2: Liga Polska - Ekstraklasa (komentarz / reporter) | F2: J32_CANAL+ SPORT | G2: M32_CANAL+ SPORT | H2: 4357_FOOTBALL | I2: Z3601_POLISH LEAGUE | J2: 63201-1001_Koszty redakcji - umowy cywilno-prawne | K2: J32_M32_4357_Z3601_63201-1001 | L2: J32_M32_4357_Z3601_63201
B3: =LEFT(L3,18) -> J32_M32_4357_Z3603 | C3: Liga Hiszpańska La Liga (komentarz) | F3: J32_CANAL+ SPORT | G3: M32_CANAL+ SPORT | H3: 4357_FOOTBALL | I3: Z3603_SPANISH LEAGUE | J3: 63201-1001_Koszty redakcji - umowy cywilno-prawne | K3: J32_M32_4357_Z3603_63201-1001 | L3: J32_M32_4357_Z3603_63201
B4: =LEFT(L4,18) -> J32_M32_4357_Z3606 | C4: Liga Angielska - EPL (komentarz) | F4: J32_CANAL+ SPORT | G4: M32_CANAL+ SPORT | H4: 4357_FOOTBALL | I4: Z3606_ENGLISH LEAGUE | J4: 63201-1001_Koszty redakcji - umowy cywilno-prawne | K4: J32_M32_4357_Z3606_63201-1001 | L4: J32_M32_4357_Z3606_63201
B5: =LEFT(L5,18) -> J32_M32_4357_Z3608 | C5: UEFA Champions League | D5: BRAK | E5: 5010000_D02_K13_RK532_AN00207 | F5: J32_CANAL+ SPORT | G5: M32_CANAL+ SPORT | H5: 4357_FOOTBALL | I5: Z3608_CHAMPIONS LEAGUE | J5: 63201-1001_Koszty redakcji - umowy cywilno-prawne | K5: J32_M32_4357_Z3608_63201-1001 | L5: J32_M32_4357_Z3608_63201
B6: =LEFT(L6,18) -> J32_M32_4358_Z3630 | C6: Speedway Ekstraliga - transmisje live | F6: J32_CANAL+ SPORT | G6: M32_CANAL+ SPORT | H6: 4358_SPEEDWAY | I6: Z3630_SPEEDWAY EKTRALIGA | J6: 63201-1001_Koszty redakcji - umowy cywilno-prawne | K6: J32_M32_4358_Z3630_63201-1001 | L6: J32_M32_4358_Z3630_63201
B7: =LEFT(L7,18) -> J32_M32_4358_Z3633 | C7: Speedway 1 Liga | F7: J32_CANAL+ SPORT | G7: M32_CANAL+ SPORT | H7: 4358_SPEEDWAY | I7: Z3633_1 Liga | J7: 63201-1001_Koszty redakcji - umowy cywilno-prawne | K7: J32_M32_4358_Z3633_63201-1001 | L7: J32_M32_4358_Z3633_63201
B8: =LEFT(L8,18) -> J32_M32_4370_Z3710 | C8: LIGA ANGIELSKA WYDAWCA TRANS | D8: 5010000 D02 K13 RK646 AN00207 | E8: 5010000_D02_K13_RK646_AN00207 | F8: J32_CANAL+ SPORT | G8: M32_CANAL+ SPORT | H8: 4370_MAGAZINES | I8: Z3710_SPORT+ | J8: 63201-1001_Koszty redakcji - umowy cywilno-prawne | K8: J32_M32_4370_Z3710_63201-1001 | L8: J32_M32_4370_Z3710_63201
B9: =LEFT(L9,18) -> J32_M32_4360_Z3651 | C9: Boks Zagraniczny | D9: 5010000 D02 K13 RK504 AN00207 | E9: 5010000_D02_K13_RK504_AN00207 | F9: J32_CANAL+ SPORT | G9: M32_CANAL+ SPORT | H9: 4360_BOXING | I9: Z3651_FOREIGN BOXING | J9: 63201-1001_Koszty redakcji - umowy cywilno-prawne | K9: J32_M32_4360_Z3651_63201-1001 | L9: J32_M32_4360_Z3651_63201
B10: =LEFT(L10,18) -> J32_M32_4369_Z3620 | C10: Tenis WTA | F10: J32_CANAL+ SPORT | G10: M32_CANAL+ SPORT | H10: 4369_OTHER SPORTS | I10: Z3620_TENNIS | J10: 63201-1001_Koszty redakcji - umowy cywilno-prawne | K10: J32_M32_4369_Z3620_63201-1001 | L10: J32_M32_4369_Z3620_63201
B11: =LEFT(L11,18) -> J32_M32_4369_Z3696 | C11: Padel | F11: J32_CANAL+ SPORT | G11: M32_CANAL+ SPORT | H11: 4369_OTHER SPORTS | I11: Z3696_EVENTS-SPORT POZOSTAŁE | J11: 63201-1001_Koszty redakcji - umowy cywilno-prawne | K11: J32_M32_4369_Z3696_63201-1001 | L11: J32_M32_4369_Z3696_63201
B12: =LEFT(L12,18) -> J32_M32_4356_Z3580 | C12: Gala Ekstraklasy | F12: J32_CANAL+ SPORT | G12: M32_CANAL+ SPORT | H12: 4356_SPECIAL EVENT | I12: Z3580_SPECIAL EVENTS | J12: 63201-1001_Koszty redakcji - umowy cywilno-prawne | K12: J32_M32_4356_Z3580_63201-1001 | L12: J32_M32_4356_Z3580_63201
B13: =LEFT(L13,18) -> J32_M32_4356_Z3580 | C13: Gala Ekstraligi | F13: J32_CANAL+ SPORT | G13: M32_CANAL+ SPORT | H13: 4356_SPECIAL EVENT | I13: Z3580_SPECIAL EVENTS | J13: 63201-1001_Koszty redakcji - umowy cywilno-prawne | K13: J32_M32_4356_Z3580_63201-1001 | L13: J32_M32_4356_Z3580_63201
B14: =LEFT(L14,18) -> J32_M32_4370_Z3713 | C14: Odprawa Przedmeczowa | F14: J32_CANAL+ SPORT | G14: M32_CANAL+ SPORT | H14: 4370_MAGAZINES | I14: Z3713_ON LINE | J14: 63201-1001_Koszty redakcji - umowy cywilno-prawne | K14: J32_M32_4370_Z3713_63201-1001 | L14: J32_M32_4370_Z3713_63201
B15: =LEFT(L15,18) -> J32_M32_4369_Z3671 | C15: SNOOKER | F15: J32_CANAL+ SPORT | G15: M32_CANAL+ SPORT | H15: 4369_OTHER SPORTS | I15: Z3671_DARTS | J15: 63201-1001_Koszty redakcji - umowy cywilno-prawne | K15: J32_M32_4369_Z3671_63201-1001 | L15: J32_M32_4369_Z3671_63201
B16: =LEFT(L16,18) -> J32_M32_4370_Z3710 | C16: Magazyn LALIGA (Kroniki; World; Show) | F16: J32_CANAL+ SPORT | G16: M32_CANAL+ SPORT | H16: 4370_MAGAZINES | I16: Z3710_SPORT+ | J16: 63201-1001_Koszty redakcji - umowy cywilno-prawne | K16: J32_M32_4370_Z3710_63201-1001 | L16: J32_M32_4370_Z3710_63201
B17: =LEFT(L17,18) -> J32_M32_4369_Z3671 | C17: DARTS | F17: J32_CANAL+ SPORT | G17: M32_CANAL+ SPORT | H17: 4369_OTHER SPORTS | I17: Z3671_DARTS | J17: 63201-1001_Koszty redakcji - umowy cywilno-prawne | K17: J32_M32_4369_Z3671_63201-1001 | L17: J32_M32_4369_Z3671_63201
B18: =LEFT(L18,18) -> J32_M32_4370_Z3713 | C18: 1 NA 1 EXTRA | F18: J32_CANAL+ SPORT | G18: M32_CANAL+ SPORT | H18: 4370_MAGAZINES | I18: Z3713_ON LINE | J18: 63201-1001_Koszty redakcji - umowy cywilno-prawne | K18: J32_M32_4370_Z3713_63201-1001 | L18: J32_M32_4370_Z3713_63201
B19: =LEFT(L19,18) -> J32_M32_4370_Z3713 | C19: GALE RIZIN, FAME, KSW, PRIME | F19: J32_CANAL+ SPORT | G19: M32_CANAL+ SPORT | H19: 4370_MAGAZINES | I19: Z3713_ON LINE | J19: 63201-1001_Koszty redakcji - umowy cywilno-prawne | K19: J32_M32_4370_Z3713_63201-1001 | L19: J32_M32_4370_Z3713_63201
B20: =LEFT(L20,18) -> J32_M32_4370_Z3713 | C20: Piłkarski Młyn ONLINE | F20: J32_CANAL+ SPORT | G20: M32_CANAL+ SPORT | H20: 4370_MAGAZINES | I20: Z3713_ON LINE | J20: 63201-1001_Koszty redakcji - umowy cywilno-prawne | K20: J32_M32_4370_Z3713_63201-1001 | L20: J32_M32_4370_Z3713_63201
B21: =LEFT(L21,18) -> J32_M32_4370_Z3713 | C21: Kolegium Żużlowe ONLINE | F21: J32_CANAL+ SPORT | G21: M32_CANAL+ SPORT | H21: 4370_MAGAZINES | I21: Z3713_ON LINE | J21: 63201-1001_Koszty redakcji - umowy cywilno-prawne | K21: J32_M32_4370_Z3713_63201-1001 | L21: J32_M32_4370_Z3713_63201
B22: =LEFT(L22,18) -> J32_M32_4370_Z3702 | C22: Liga+Extra | D22: 5010000 D02 K13 RK528 AN00207 | E22: 5010000_D02_K13_RK528_AN00207 | F22: J32_CANAL+ SPORT | G22: M32_CANAL+ SPORT | H22: 4370_MAGAZINES | I22: Z3702_LIGA+ EXTRA | J22: 63201-1001_Koszty redakcji - umowy cywilno-prawne | K22: J32_M32_4370_Z3702_63201-1001 | L22: J32_M32_4370_Z3702_63201
B23: =LEFT(L23,18) -> J32_M32_4370_Z3703 | C23: Liga+ | F23: J32_CANAL+ SPORT | G23: M32_CANAL+ SPORT | H23: 4370_MAGAZINES | I23: Z3703_LIGA+ | J23: 63201-1001_Koszty redakcji - umowy cywilno-prawne | K23: J32_M32_4370_Z3703_63201-1001 | L23: J32_M32_4370_Z3703_63201
B24: =LEFT(L24,18) -> J32_M32_4370_Z3702 | C24: LIGA OD KUCHNI (Liga+Extra) | D24: 5010000 D02 K13 RK528 AN00207 | E24: 5010000_D02_K13_RK528_AN00207 | F24: J32_CANAL+ SPORT | G24: M32_CANAL+ SPORT | H24: 4370_MAGAZINES | I24: Z3702_LIGA+ EXTRA | J24: 63201-1001_Koszty redakcji - umowy cywilno-prawne | K24: J32_M32_4370_Z3702_63201-1001 | L24: J32_M32_4370_Z3702_63201
B25: =LEFT(L25,18) -> J32_M32_4370_Z3702 | C25: SKRÓTY LIGA POLSKA | D25: 5010000 D02 K13 RK528 AN00207 | E25: 5010000_D02_K13_RK528_AN00207 | F25: J32_CANAL+ SPORT | G25: M32_CANAL+ SPORT | H25: 4370_MAGAZINES | I25: Z3702_LIGA+ EXTRA | J25: 63201-1001_Koszty redakcji - umowy cywilno-prawne | K25: J32_M32_4370_Z3702_63201-1001 | L25: J32_M32_4370_Z3702_63201
B26: =LEFT(L26,18) -> J32_M32_4370_Z3709 | C26: Superpiątek | D26: 5010000 D02 K13 RK529 AN00207 | E26: 5010000_D02_K13_RK529_AN00207 | F26: J32_CANAL+ SPORT | G26: M32_CANAL+ SPORT | H26: 4370_MAGAZINES | I26: Z3709_SUPER PIĄTEK | J26: 63201-1001_Koszty redakcji - umowy cywilno-prawne | K26: J32_M32_4370_Z3709_63201-1001 | L26: J32_M32_4370_Z3709_63201
B27: =LEFT(L27,18) -> J32_M32_4370_Z3722 | C27: Ekstraklasa Po Godzinach | D27: 5010000 D02 K13 RK522 AN00207 | E27: 5010000_D02_K13_RK522_AN00207 | F27: J32_CANAL+ SPORT | G27: M32_CANAL+ SPORT | H27: 4370_MAGAZINES | I27: Z3722_EKSTRAKLASA PO GODZINACH | J27: 63201-1001_Koszty redakcji - umowy cywilno-prawne | K27: J32_M32_4370_Z3722_63201-1001 | L27: J32_M32_4370_Z3722_63201
B28: =LEFT(L28,18) -> J32_M32_4370_Z3727 | C28: Gorączka Piłkarskiej Soboty | D28: 5010000 D02 K13 RK641 AN00207 | E28: 5010000_D02_K13_RK641_AN00207 | F28: J32_CANAL+ SPORT | G28: M32_CANAL+ SPORT | H28: 4370_MAGAZINES | I28: Z3727_Gorączka Piłkarskiej Soboty | J28: 63201-1001_Koszty redakcji - umowy cywilno-prawne | K28: J32_M32_4370_Z3727_63201-1001 | L28: J32_M32_4370_Z3727_63201
B29: =LEFT(L29,18) -> J32_M32_4370_Z3704 | C29: Magazyny PREMIER LEAGUE (liga angielska) | D29: BRAK | E29: 5010000_D02_K13_RK508_AN00207 | F29: J32_CANAL+ SPORT | G29: M32_CANAL+ SPORT | H29: 4370_MAGAZINES | I29: Z3704_MAGAZYN LIG ZAGRANICZNYCH | J29: 63201-1001_Koszty redakcji - umowy cywilno-prawne | K29: J32_M32_4370_Z3704_63201-1001 | L29: J32_M32_4370_Z3704_63201
B30: =LEFT(L30,18) -> J32_M32_4370_Z3728 | C30: SUPER SUNDAY | F30: J32_CANAL+ SPORT | G30: M32_CANAL+ SPORT | H30: 4370_MAGAZINES | I30: Z3728_EPL STUDIO | J30: 63201-1001_Koszty redakcji - umowy cywilno-prawne | K30: J32_M32_4370_Z3728_63201-1001 | L30: J32_M32_4370_Z3728_63201
B31: =LEFT(L31,18) -> J32_M32_4370_Z3728 | C31: STUDIO LIGA ANGIELSKA | F31: J32_CANAL+ SPORT | G31: M32_CANAL+ SPORT | H31: 4370_MAGAZINES | I31: Z3728_EPL STUDIO | J31: 63201-1001_Koszty redakcji - umowy cywilno-prawne | K31: J32_M32_4370_Z3728_63201-1001 | L31: J32_M32_4370_Z3728_63201
B32: =LEFT(L32,18) -> J32_M32_4370_Z3728 | C32: KICK OFF PREMIER LEAGUE | F32: J32_CANAL+ SPORT | G32: M32_CANAL+ SPORT | H32: 4370_MAGAZINES | I32: Z3728_EPL STUDIO | J32: 63201-1001_Koszty redakcji - umowy cywilno-prawne | K32: J32_M32_4370_Z3728_63201-1001 | L32: J32_M32_4370_Z3728_63201
B33: =LEFT(L33,18) -> J32_M32_4370_Z3707 | C33: SERIALE SPORTOWE | D33: 5010000 D02 K13 RK515 AN00207 | E33: 5010000_D02_K13_RK515_AN00207 | F33: J32_CANAL+ SPORT | G33: M32_CANAL+ SPORT | H33: 4370_MAGAZINES | I33: Z3707_REPORTAGES | J33: 63201-1001_Koszty redakcji - umowy cywilno-prawne | K33: J32_M32_4370_Z3707_63201-1001 | L33: J32_M32_4370_Z3707_63201
B34: =LEFT(L34,18) -> J32_M32_4370_Z3707 | C34: Reportaże | D34: 5010000 D02 K13 RK515 AN00207 | E34: 5010000_D02_K13_RK515_AN00207 | F34: J32_CANAL+ SPORT | G34: M32_CANAL+ SPORT | H34: 4370_MAGAZINES | I34: Z3707_REPORTAGES | J34: 63201-1001_Koszty redakcji - umowy cywilno-prawne | K34: J32_M32_4370_Z3707_63201-1001 | L34: J32_M32_4370_Z3707_63201
B35: =LEFT(L35,18) -> J32_M32_4370_Z3710 | C35: SPORT+ | D35: 5010000 D08 K27 RK616 AN00603 | E35: 5010000_D08_K27_RK616_AN00603 | F35: J32_CANAL+ SPORT | G35: M32_CANAL+ SPORT | H35: 4370_MAGAZINES | I35: Z3710_SPORT+ | J35: 63201-1001_Koszty redakcji - umowy cywilno-prawne | K35: J32_M32_4370_Z3710_63201-1001 | L35: J32_M32_4370_Z3710_63201
B36: =LEFT(L36,18) -> J32_M32_4370_Z3710 | C36: LIGA HISZPAŃSKA WYDAWCA TRANS | D36: 5010000 D08 K27 RK616 AN00603 | E36: 5010000_D08_K27_RK616_AN00603 | F36: J32_CANAL+ SPORT | G36: M32_CANAL+ SPORT | H36: 4370_MAGAZINES | I36: Z3710_SPORT+ | J36: 63201-1001_Koszty redakcji - umowy cywilno-prawne | K36: J32_M32_4370_Z3710_63201-1001 | L36: J32_M32_4370_Z3710_63201
B37: =LEFT(L37,18) -> J32_M32_4370_Z3710 | C37: LIGA POLSKA WYDAWCA TRANS | D37: 5010000 D08 K27 RK616 AN00603 | E37: 5010000_D08_K27_RK616_AN00603 | F37: J32_CANAL+ SPORT | G37: M32_CANAL+ SPORT | H37: 4370_MAGAZINES | I37: Z3710_SPORT+ | J37: 63201-1001_Koszty redakcji - umowy cywilno-prawne | K37: J32_M32_4370_Z3710_63201-1001 | L37: J32_M32_4370_Z3710_63201
B38: =LEFT(L38,18) -> J32_M32_4370_Z3710 | C38: EKSTRAKLASA HL SHOW | D38: 5010000 D08 K27 RK616 AN00603 | E38: 5010000_D08_K27_RK616_AN00603 | F38: J32_CANAL+ SPORT | G38: M32_CANAL+ SPORT | H38: 4370_MAGAZINES | I38: Z3710_SPORT+ | J38: 63201-1001_Koszty redakcji - umowy cywilno-prawne | K38: J32_M32_4370_Z3710_63201-1001 | L38: J32_M32_4370_Z3710_63201
B39: =LEFT(L39,18) -> J32_M32_4370_Z3710 | C39: EKSTRAPAKA | D39: 5010000 D08 K27 RK616 AN00603 | E39: 5010000_D08_K27_RK616_AN00603 | F39: J32_CANAL+ SPORT | G39: M32_CANAL+ SPORT | H39: 4370_MAGAZINES | I39: Z3710_SPORT+ | J39: 63201-1001_Koszty redakcji - umowy cywilno-prawne | K39: J32_M32_4370_Z3710_63201-1001 | L39: J32_M32_4370_Z3710_63201
B40: =LEFT(L40,18) -> J32_M32_4370_Z3711 | C40: Jej Wysokość Premier League | E40: 5010000_D02_K13_RK511_AN00207 | F40: J32_CANAL+ SPORT | G40: M32_CANAL+ SPORT | H40: 4370_MAGAZINES | I40: Z3711_JW PREMIER LEAGUE | J40: 63201-1001_Koszty redakcji - umowy cywilno-prawne | K40: J32_M32_4370_Z3711_63201-1001 | L40: J32_M32_4370_Z3711_63201
B41: =LEFT(L41,18) -> J32_M32_4370_Z3715 | C41: Turbokozak | D41: 5010000 D02 K13 RK514 AN00207 | E41: 5010000_D02_K13_RK514_AN00207 | F41: J32_CANAL+ SPORT | G41: M32_CANAL+ SPORT | H41: 4370_MAGAZINES | I41: Z3715_TURBOKOZAK | J41: 63201-1001_Koszty redakcji - umowy cywilno-prawne | K41: J32_M32_4370_Z3715_63201-1001 | L41: J32_M32_4370_Z3715_63201
B42: =LEFT(L42,18) -> J32_M32_4370_Z3717 | C42: Wysoki Pressing | D42: 5010000 D02 K13 RK647 AN00207 | E42: 5010000_D02_K13_RK647_AN00207 | F42: J32_CANAL+ SPORT | G42: M32_CANAL+ SPORT | H42: 4370_MAGAZINES | I42: Z3717_WYSOKI PRESSING | J42: 63201-1001_Koszty redakcji - umowy cywilno-prawne | K42: J32_M32_4370_Z3717_63201-1001 | L42: J32_M32_4370_Z3717_63201
B43: =LEFT(L43,18) -> J32_M32_4370_Z3721 | C43: Magazyn PGE Ekstraligi | D43: 5010000 D02 K13 RK515 AN00207 | E43: 5010000_D02_K13_RK515_AN00207 | F43: J32_CANAL+ SPORT | G43: M32_CANAL+ SPORT | H43: 4370_MAGAZINES | I43: Z3721_MAGAZYN ENEA EKSTRALIGI | J43: 63201-1001_Koszty redakcji - umowy cywilno-prawne | K43: J32_M32_4370_Z3721_63201-1001 | L43: J32_M32_4370_Z3721_63201
B44: =LEFT(L44,18) -> J32_M32_4370_Z3724 | C44: Magazyn 1 Ligi zużlowej | D44: 5010000 D02 K13 RK535 AN00207 | E44: 5010000_D02_K13_RK535_AN00207 | F44: J32_CANAL+ SPORT | G44: M32_CANAL+ SPORT | H44: 4370_MAGAZINES | I44: Z3724_Magazyn 1 Ligi | J44: 63201-1001_Koszty redakcji - umowy cywilno-prawne | K44: J32_M32_4370_Z3724_63201-1001 | L44: J32_M32_4370_Z3724_63201
B45: =LEFT(L45,18) -> J32_M32_4370_Z3725 | C45: GALE ONE FRIDAY FIGHT (boks) | F45: J32_CANAL+ SPORT | G45: M32_CANAL+ SPORT | H45: 4370_MAGAZINES | I45: Z3725_WRC | J45: 63201-1001_Koszty redakcji - umowy cywilno-prawne | K45: J32_M32_4370_Z3725_63201-1001 | L45: J32_M32_4370_Z3725_63201
B46: =LEFT(L46,18) -> J32_M32_4370_Z3725 | C46: GALE BKFC TRANSMISJE | F46: J32_CANAL+ SPORT | G46: M32_CANAL+ SPORT | H46: 4370_MAGAZINES | I46: Z3725_WRC | J46: 63201-1001_Koszty redakcji - umowy cywilno-prawne | K46: J32_M32_4370_Z3725_63201-1001 | L46: J32_M32_4370_Z3725_63201
B47: =LEFT(L47,18) -> J32_M32_4225_Z2201 | C47: SPORT OPERATIONAL | F47: J32_CANAL+ SPORT | G47: M32_CANAL+ SPORT | H47: 4225_MARKETING | I47: Z2201_ATL | J47: 65005-1000_Koszty redakcji - umowy cywilno-prawne | K47: J32_M32_4225_Z2201_65005-1000 | L47: J32_M32_4225_Z2201_65005
B48: =LEFT(L48,18) -> J32_M02_4374_Z3606 | C48: Liga Angielska CZECHY | F48: J32_CANAL+ SPORT | G48: M02_EXTERNAL MARKETS | H48: 4374_PROJECT EPL/M7 | I48: Z3606_ENGLISH LEAGUE | J48: 63200-1003_Koszty redakcji - umowy cywilno-prawne | K48: J32_M02_4374_Z3606_63200-1003 | L48: J32_M02_4374_Z3606_63200
B49: =LEFT(L49,18) -> J32_M02_4376_Z3620 | C49: Tenis CZECHY | F49: J32_CANAL+ SPORT | G49: M02_EXTERNAL MARKETS | H49: 4376_PROJECT WTA/M7 | I49: Z3620 _TENNIS | J49: 63200-1003_Koszty redakcji - umowy cywilno-prawne | K49: J32_M02_4376_Z3620_63200-1003 | L49: J32_M02_4376_Z3620_63200
B50: =LEFT(L50,18) -> J32_M02_4376_Z3620 | C50: Rugby CZECHY | F50: J32_CANAL+ SPORT | G50: M02_EXTERNAL MARKETS | H50: 4376_PROJECT WTA/M7 | I50: Z3620 _TENNIS | J50: 63200-1003_Koszty redakcji - umowy cywilno-prawne | K50: J32_M02_4376_Z3620_63200-1003 | L50: J32_M02_4376_Z3620_63200
B51: =LEFT(L51,18) -> J22_M02_4377_Z9174 | C51: Padel HOLANDIA | F51: J22_TV TECHNOLOGY | G51: M02_EXTERNAL MARKETS | H51: 4377_M7_PLAYOUT_LIVE | I51: Z9174_M7_NETHERLANDS | J51: 63200-1003_Koszty redakcji - umowy cywilno-prawne | K51: J22_M02_4377_Z9174_63200-1003 | L51: J22_M02_4377_Z9174_63200

Sheet KOnta
B2: konto | C2: nazwa konta | D2: Article ID | E2: ART. name Polish*
B3: 61000-1000 | C3: Paliwo | D3: 1990028366 | E3: PALIWO
B4: 61000-1001 | C4: TOOL - Paliwo | D4: 1990028366 | E4: PALIWO
B5: 61000-1002 | C5: BENEFIT - Paliwo | D5: 1990028366 | E5: PALIWO
B6: 61002-1000 | C6: Woda i kanalizacja | D6: 1990028376 | E6: WODA
B7: 61004-1000 | C7: Pozostale koszty i materialy | D7: 1990028434 | E7: INNE KOSZTY
B8: 61004-1001 | C8: TOOL - Pozostałe koszty i materiały | D8: 1990028434 | E8: INNE KOSZTY
B9: 61004-1002 | C9: BENEFIT - Pozostałe koszty i materiały | D9: 1990028434 | E9: INNE KOSZTY
B10: 61005-1000 | C10: Cześci zamienne | D10: 1990028307 | E10: CZĘŚCI ZAMIENNE
B11: 61300-1000 | C11: Materiały reklamowe bez VAT | D11: 1990028436 | E11: MATERIAŁY MARKETINGOWE
B12: 61300-1001 | C12: Materiały reklamowe z VAT | D12: 1990028495 | E12: MATERIAŁY MARKETINGOWE Z VAT
B13: 61300-2901 | C13: Materiały reklamowe reprezentacja z VAT | D13: 1990028495 | E13: MATERIAŁY MARKETINGOWE Z VAT
B14: 61304-1000 | C14: Nagrody bez VAT | D14: 1990028428 | E14: PREZENTY/NAGRODY
... B205: 72411-1010 | C205: Przekazane darowizny | D205: 1990028325 | E205: DAROWIZNY / DZIAŁANIA SPOŁECZNE
B206: N/A | D206: 1990028563 | E206: LOGISTICS C+ POLSKA
B207: N/A | D207: 1990028565 | E207: MEDIAHUB C+ POLSKA

Sheet zadania
A1: ANALIZA
A2: DOKUMENTACJA
A3: EKSPERT
A4: GOŚĆ
A5: GOŚĆ STUDIO
A6: KOMENTARZ
A7: MATERIAŁ
A8: PROWADZĄCY
A9: REDAKCJA
A10: REPORTER
A11: ROZMOWA / WYWIAD
A12: SKRÓT LIGA POLSKA
A13: WYDAWCA

Sheet zadania2
A1: MONTAŻ

Sheet data
A1: STYCZEŃ | B1: 2025 | D1: UMOWA O DZIEŁO
A2: LUTY | B2: 2026 | D2: UMOWA ZLECENIE
A3: MARZEC | B3: 2027
A4: KWIECIEŃ | B4: 2028
A5: MAJ | B5: 2029
A6: CZERWIEC | B6: 2030
A7: LIPIEC
A8: SIERPIEŃ
A9: WRZESIEŃ
A10: PAŹDZIERNIK
A11: LISTOPAD
A12: GRUDZIEŃ

Sheet KontaUmowyCywilno-Prawne
A1: 63200-1003_Koszty realizacji - umowy cywilno-prawne
A2: 63201-1001_Koszty redakcji - umowy cywilno-prawne
A3: 63203-1008_Polska wersja językowa - umowy cywilno-prawne
A4: 65005-1000_Wynagrodzenia - umowy cywilno-prawne
